"","trade_flow","reporter_code","reporter","partner_code","partner","commodity_code","netweight_kg","trade_value_usd","price_kg_usd","period_date"
"1","Imports",372,"Ireland",76,"Brazil","160250",24103,163652,6.78969422893416,2014-03-01
"2","Imports",620,"Portugal",76,"Brazil","160250",3404,27434,8.0593419506463,2014-03-01
"3","Imports",826,"United Kingdom",76,"Brazil","160250",2326228,11683154,5.02235980308035,2014-03-01
"4","Imports",152,"Chile",76,"Brazil","160250",136102,849027,6.23816696301303,2014-03-01
"5","Imports",352,"Iceland",76,"Brazil","160250",99,1347,13.6060606060606,2014-03-01
"6","Imports",458,"Malaysia",76,"Brazil","160250",408,2129,5.21813725490196,2015-02-01
"7","Imports",36,"Australia",76,"Brazil","160250",19976,81757,4.09276131357629,2014-03-01
"8","Imports",52,"Barbados",76,"Brazil","160250",22460,83175,3.70325022261799,2014-03-01
"9","Imports",554,"New Zealand",76,"Brazil","160250",22878,82356,3.5997901914503,2014-04-01
"10","Imports",203,"Czech Rep.",76,"Brazil","160250",256,2842,11.1015625,2014-03-01
"11","Imports",442,"Luxembourg",76,"Brazil","160250",22,199,9.04545454545454,2014-03-01
"12","Imports",246,"Finland",76,"Brazil","160250",29640,254593,8.58950742240216,2014-04-01
"13","Imports",203,"Czech Rep.",76,"Brazil","160250",130,1417,10.9,2014-04-01
"14","Imports",842,"United States of America",76,"Brazil","160250",NA,13617533,NA,2014-04-01
"15","Exports",842,"United States of America",76,"Brazil","160250",NA,130800,NA,2014-04-01
"16","Re-exports",842,"United States of America",76,"Brazil","160250",NA,130800,NA,2014-04-01
"17","Imports",56,"Belgium",76,"Brazil","160250",314900,1857427,5.8984661797396,2014-03-01
"18","Imports",458,"Malaysia",76,"Brazil","160250",6835,5314,0.777468910021946,2014-04-01
"19","Imports",97,"EU-27",76,"Brazil","160250",3586800,19746036,5.50519571763131,2014-03-01
"20","Imports",826,"United Kingdom",76,"Brazil","160250",2161490,11123431,5.14618665827739,2014-04-01
"21","Exports",97,"EU-27",76,"Brazil","160250",NA,3760,NA,2014-03-01
"22","Imports",36,"Australia",76,"Brazil","160250",59160,290714,4.91402974983097,2014-04-01
"23","Imports",52,"Barbados",76,"Brazil","160250",105079,367285,3.49532256683067,2014-04-01
"24","Imports",68,"Bolivia",76,"Brazil","160250",29568,54342,1.83786525974026,2014-04-01
"25","Exports",251,"France",76,"Brazil","160250",25,3757,150.28,2014-03-01
"26","Imports",276,"Germany",76,"Brazil","160250",85000,554367,6.52196470588235,2014-03-01
"27","Imports",381,"Italy",76,"Brazil","160250",281156,2429876,8.64244760915648,2014-03-01
"28","Imports",56,"Belgium",76,"Brazil","160250",467300,2749795,5.88443184249947,2014-04-01
"29","Imports",470,"Malta",76,"Brazil","160250",66200,373725,5.64539274924471,2014-03-01
"30","Imports",528,"Netherlands",76,"Brazil","160250",190600,1057163,5.54650052465897,2014-03-01
"31","Imports",97,"EU-27",76,"Brazil","160250",4184900,23539949,5.62497287868288,2014-04-01
"32","Imports",591,"Panama",76,"Brazil","160250",9123,22096,2.42201030362819,2014-03-01
"33","Imports",608,"Philippines",76,"Brazil","160250",16744,3528,0.210702341137124,2014-03-01
"34","Imports",616,"Poland",76,"Brazil","160250",37,437,11.8108108108108,2014-03-01
"35","Imports",233,"Estonia",76,"Brazil","160250",8,86,10.75,2014-04-01
"36","Imports",458,"Malaysia",76,"Brazil","160250",1142,4613,4.03940455341506,2014-03-01
"37","Imports",251,"France",76,"Brazil","160250",95921,541510,5.64537483971185,2014-04-01
"38","Imports",233,"Estonia",76,"Brazil","160250",12200,143,0.0117213114754098,2014-03-01
"39","Imports",579,"Norway",76,"Brazil","160250",82,959,11.6951219512195,2014-03-01
"40","Imports",268,"Georgia",76,"Brazil","160250",17394,50637,2.91117626767851,2014-04-01
"41","Imports",842,"United States of America",76,"Brazil","160250",NA,18045442,NA,2014-03-01
"42","Imports",276,"Germany",76,"Brazil","160250",141300,812370,5.74925690021231,2014-04-01
"43","Imports",372,"Ireland",76,"Brazil","160250",2894,25583,8.84001382170007,2014-04-01
"44","Imports",703,"Slovakia",76,"Brazil","160250",17,182,10.7058823529412,2014-03-01
"45","Imports",724,"Spain",76,"Brazil","160250",6500,35053,5.39276923076923,2014-03-01
"46","Imports",470,"Malta",76,"Brazil","160250",99400,569620,5.73058350100604,2014-04-01
"47","Imports",528,"Netherlands",76,"Brazil","160250",229900,1219757,5.3055980861244,2014-04-01
"48","Imports",68,"Bolivia",76,"Brazil","160250",59136,105257,1.77991409632035,2014-03-01
"49","Imports",480,"Mauritius",76,"Brazil","160250",19176,79989,4.17130788485607,2014-03-01
"50","Imports",818,"Egypt",76,"Brazil","160250",NA,1297366,NA,2014-03-01
"51","Imports",132,"Cabo Verde",76,"Brazil","160250",4995,13301,2.66286286286286,2014-03-01
"52","Imports",251,"France",76,"Brazil","160250",65366,445859,6.82096196799559,2015-02-01
"53","Imports",616,"Poland",76,"Brazil","160250",30,373,12.4333333333333,2014-08-01
"54","Imports",600,"Paraguay",76,"Brazil","160250",56640,124171,2.19228460451977,2014-05-01
"55","Imports",352,"Iceland",76,"Brazil","160250",41,515,12.5609756097561,2014-08-01
"56","Imports",28,"Antigua and Barbuda",76,"Brazil","160250",1738,9325,5.36536248561565,2014-03-01
"57","Imports",702,"Singapore",76,"Brazil","160250",73856,349099,4.72675205805893,2014-03-01
"58","Imports",757,"Switzerland",76,"Brazil","160250",52964,605114,11.4250056642248,2014-03-01
"59","Imports",600,"Paraguay",76,"Brazil","160250",14374,22396,1.55809099763462,2014-08-01
"60","Imports",246,"Finland",76,"Brazil","160250",5880,48719,8.28554421768708,2014-03-01
"61","Imports",36,"Australia",76,"Brazil","160250",59017,287199,4.86637748445363,2014-05-01
"62","Imports",60,"Bermuda",76,"Brazil","160250",3,37,12.3333333333333,2014-03-01
"63","Imports",124,"Canada",76,"Brazil","160250",187924,950089,5.05570869074732,2014-03-01
"64","Imports",251,"France",76,"Brazil","160250",50963,288063,5.65239487471303,2014-03-01
"65","Imports",52,"Barbados",76,"Brazil","160250",22460,83175,3.70325022261799,2014-05-01
"66","Imports",554,"New Zealand",76,"Brazil","160250",38124,139115,3.64901374462281,2014-08-01
"67","Imports",152,"Chile",76,"Brazil","160250",164626,1106796,6.72309355751825,2014-08-01
"68","Imports",52,"Barbados",76,"Brazil","160250",67321,251342,3.73348583651461,2014-08-01
"69","Imports",858,"Uruguay",76,"Brazil","160250",7560,23634,3.12619047619048,2014-03-01
"70","Exports",858,"Uruguay",76,"Brazil","160250",44000,51920,1.18,2014-03-01
"71","Exports",381,"Italy",76,"Brazil","160250",114,2815,24.6929824561403,2014-05-01
"72","Imports",328,"Guyana",76,"Brazil","160250",15581,81689,5.24285989345998,2014-03-01
"73","Imports",124,"Canada",76,"Brazil","160250",306384,1665957,5.43748041673194,2014-08-01
"74","Imports",344,"China, Hong Kong SAR",76,"Brazil","160250",1180185,1889450,1.60097781280054,2014-03-01
"75","Imports",591,"Panama",76,"Brazil","160250",16713,84200,5.03799437563573,2014-05-01
"76","Imports",233,"Estonia",76,"Brazil","160250",12,146,12.1666666666667,2014-08-01
"77","Imports",480,"Mauritius",76,"Brazil","160250",55424,291582,5.26093389145497,2014-05-01
"78","Imports",84,"Belize",76,"Brazil","160250",46376,77945,1.68071847507331,2014-03-01
"79","Imports",752,"Sweden",76,"Brazil","160250",57000,335164,5.8800701754386,2014-03-01
"80","Imports",12,"Algeria",76,"Brazil","160250",51320,270012,5.26134060795012,2014-03-01
"81","Imports",686,"Senegal",76,"Brazil","160250",23666,6650,0.280993830812136,2014-03-01
"82","Imports",690,"Seychelles",76,"Brazil","160250",NA,180464,NA,2015-04-01
"83","Imports",68,"Bolivia",76,"Brazil","160250",32912,65816,1.99975692756441,2014-05-01
"84","Imports",826,"United Kingdom",76,"Brazil","160250",2443150,12496323,5.11484067699486,2014-08-01
"85","Imports",703,"Slovakia",76,"Brazil","160250",13,98,7.53846153846154,2015-04-01
"86","Imports",68,"Bolivia",76,"Brazil","160250",88925,177004,1.99048636491425,2014-08-01
"87","Imports",52,"Barbados",76,"Brazil","160250",44764,178392,3.98516665177375,2015-04-01
"88","Imports",842,"United States of America",76,"Brazil","160250",NA,19404085,NA,2014-08-01
"89","Imports",554,"New Zealand",76,"Brazil","160250",18528,71503,3.85918609671848,2015-04-01
"90","Imports",703,"Slovakia",76,"Brazil","160250",13,152,11.6923076923077,2014-08-01
"91","Imports",616,"Poland",76,"Brazil","160250",18,210,11.6666666666667,2014-05-01
"92","Imports",203,"Czech Rep.",76,"Brazil","160250",28,334,11.9285714285714,2015-04-01
"93","Imports",203,"Czech Rep.",76,"Brazil","160250",117,1434,12.2564102564103,2014-08-01
"94","Imports",233,"Estonia",76,"Brazil","160250",10,181,18.1,2015-04-01
"95","Imports",842,"United States of America",76,"Brazil","160250",NA,26755541,NA,2015-04-01
"96","Imports",56,"Belgium",76,"Brazil","160250",119200,703196,5.89929530201342,2014-05-01
"97","Imports",97,"EU-27",76,"Brazil","160250",3818600,21027360,5.50656261457079,2014-05-01
"98","Imports",152,"Chile",76,"Brazil","160250",24043,141221,5.87368464833839,2015-04-01
"99","Exports",97,"EU-27",76,"Brazil","160250",100,2817,28.17,2014-05-01
"100","Imports",28,"Antigua and Barbuda",76,"Brazil","160250",18083,42042,2.32494608195543,2014-08-01
"101","Imports",276,"Germany",76,"Brazil","160250",120350,728089,6.04976319069381,2015-04-01
"102","Imports",616,"Poland",76,"Brazil","160250",4,29,7.25,2015-04-01
"103","Imports",56,"Belgium",76,"Brazil","160250",261300,1743677,6.67308457711443,2014-08-01
"104","Imports",826,"United Kingdom",76,"Brazil","160250",1853059,9197892,4.96362609069652,2015-04-01
"105","Imports",344,"China, Hong Kong SAR",76,"Brazil","160250",611485,718630,1.17522097843774,2015-04-01
"106","Imports",251,"France",76,"Brazil","160250",131924,903676,6.84997422758558,2014-08-01
"107","Imports",276,"Germany",76,"Brazil","160250",114200,766922,6.71560420315236,2014-08-01
"108","Imports",608,"Philippines",76,"Brazil","160250",59862,12929,0.215980087534663,2014-04-01
"109","Imports",818,"Egypt",76,"Brazil","160250",NA,629918,NA,2014-04-01
"110","Imports",591,"Panama",76,"Brazil","160250",34320,177875,5.182837995338,2015-04-01
"111","Imports",36,"Australia",76,"Brazil","160250",97920,436199,4.4546466503268,2015-04-01
"112","Imports",246,"Finland",76,"Brazil","160250",7000,54512,7.78742857142857,2015-04-01
"113","Imports",600,"Paraguay",76,"Brazil","160250",4992,9302,1.86338141025641,2015-04-01
"114","Imports",528,"Netherlands",76,"Brazil","160250",217000,1115188,5.13911520737327,2014-08-01
"115","Imports",97,"EU-27",76,"Brazil","160250",NA,16334648,NA,2015-04-01
"116","Imports",470,"Malta",76,"Brazil","160250",33800,179473,5.30985207100592,2014-08-01
"117","Imports",31,"Azerbaijan",76,"Brazil","160250",6691,4803,0.71782992078912,2014-04-01
"118","Imports",757,"Switzerland",76,"Brazil","160250",32301,353842,10.9545215318411,2014-04-01
"119","Imports",724,"Spain",76,"Brazil","160250",36500,224228,6.14323287671233,2014-08-01
"120","Imports",97,"EU-27",76,"Brazil","160250",NA,20135869,NA,2014-08-01
"121","Imports",702,"Singapore",76,"Brazil","160250",18295,77845,4.2549877015578,2014-04-01
"122","Imports",381,"Italy",76,"Brazil","160250",265923,2388460,8.9817729192285,2015-04-01
"123","Imports",132,"Cabo Verde",76,"Brazil","160250",3667,9945,2.71202617943823,2014-04-01
"124","Imports",634,"Qatar",76,"Brazil","160250",4896,26347,5.38133169934641,2014-04-01
"125","Imports",528,"Netherlands",76,"Brazil","160250",110300,492374,4.46395285584769,2015-04-01
"126","Imports",124,"Canada",76,"Brazil","160250",294199,1511180,5.13659121886886,2014-04-01
"127","Imports",480,"Mauritius",76,"Brazil","160250",19584,119073,6.08011642156863,2014-04-01
"128","Imports",36,"Australia",76,"Brazil","160250",38250,194642,5.08867973856209,2014-08-01
"129","Imports",724,"Spain",76,"Brazil","160250",34900,189031,5.41636103151862,2015-04-01
"130","Imports",591,"Panama",76,"Brazil","160250",12913,31200,2.4161697514133,2014-08-01
"131","Imports",608,"Philippines",76,"Brazil","160250",17136,3681,0.214810924369748,2014-08-01
"132","Imports",56,"Belgium",76,"Brazil","160250",231755,1477176,6.37386895644107,2015-04-01
"133","Imports",757,"Switzerland",76,"Brazil","160250",47233,465260,9.85031651599517,2014-08-01
"134","Imports",616,"Poland",76,"Brazil","160250",25,306,12.24,2014-04-01
"135","Imports",858,"Uruguay",76,"Brazil","160250",20177,55241,2.7378202904297,2014-04-01
"136","Imports",246,"Finland",76,"Brazil","160250",5928,47657,8.03930499325236,2014-08-01
"137","Imports",344,"China, Hong Kong SAR",76,"Brazil","160250",1106188,1661989,1.50244714280032,2014-04-01
"138","Imports",634,"Qatar",76,"Brazil","160250",3550,3542,0.997746478873239,2014-08-01
"139","Imports",818,"Egypt",76,"Brazil","160250",NA,831304,NA,2014-08-01
"140","Imports",818,"Egypt",76,"Brazil","160250",NA,1194442,NA,2015-04-01
"141","Imports",60,"Bermuda",76,"Brazil","160250",7,148,21.1428571428571,2014-08-01
"142","Imports",608,"Philippines",76,"Brazil","160250",74065,259384,3.50211300884358,2015-04-01
"143","Imports",702,"Singapore",76,"Brazil","160250",116052,515435,4.44141419363733,2014-08-01
"144","Imports",579,"Norway",76,"Brazil","160250",120,1112,9.26666666666667,2014-04-01
"145","Imports",480,"Mauritius",76,"Brazil","160250",39168,237375,6.06043198529412,2014-08-01
"146","Imports",68,"Bolivia",76,"Brazil","160250",103147,147516,1.43015308249392,2015-04-01
"147","Imports",392,"Japan",76,"Brazil","160250",734,5090,6.93460490463215,2014-04-01
"148","Imports",703,"Slovakia",76,"Brazil","160250",3159,20277,6.41880341880342,2014-04-01
"149","Imports",381,"Italy",76,"Brazil","160250",405815,3578766,8.81871296033907,2014-04-01
"150","Imports",752,"Sweden",76,"Brazil","160250",138000,861670,6.24398550724638,2014-04-01
"151","Imports",480,"Mauritius",76,"Brazil","160250",19584,119152,6.08415032679739,2015-04-01
"152","Imports",152,"Chile",76,"Brazil","160250",228161,1408972,6.17534109685704,2014-04-01
"153","Imports",84,"Belize",76,"Brazil","160250",46485,80658,1.7351403678606,2014-08-01
"154","Imports",686,"Senegal",76,"Brazil","160250",13989,3987,0.285009650439631,2014-04-01
"155","Imports",858,"Uruguay",76,"Brazil","160250",5076,6509,1.28230890464933,2014-08-01
"156","Imports",372,"Ireland",76,"Brazil","160250",6307,21148,3.35309973045822,2015-04-01
"157","Imports",344,"China, Hong Kong SAR",76,"Brazil","160250",673816,1056861,1.56847121469363,2014-08-01
"158","Imports",344,"China, Hong Kong SAR",76,"Brazil","160250",102760,287742,2.80013623978202,2015-10-01
"159","Imports",458,"Malaysia",76,"Brazil","160250",5002,9966,1.99240303878449,2014-08-01
"160","Imports",757,"Switzerland",76,"Brazil","160250",8414,89865,10.680413596387,2015-04-01
"161","Imports",752,"Sweden",76,"Brazil","160250",5000,27852,5.5704,2015-04-01
"162","Imports",304,"Greenland",76,"Brazil","160250",3,209,69.6666666666667,2015-04-01
"163","Imports",372,"Ireland",76,"Brazil","160250",2829,19311,6.82608695652174,2014-08-01
"164","Imports",381,"Italy",76,"Brazil","160250",244889,2460851,10.0488425368228,2014-08-01
"165","Imports",752,"Sweden",76,"Brazil","160250",99000,568995,5.74742424242424,2014-08-01
"166","Imports",600,"Paraguay",76,"Brazil","160250",22399,40476,1.80704495736417,2015-10-01
"167","Imports",670,"Saint Vincent and the Grenadines",76,"Brazil","160250",164,874,5.32926829268293,2015-04-01
"168","Imports",554,"New Zealand",76,"Brazil","160250",18804,77200,4.10550946607105,2015-10-01
"169","Imports",842,"United States of America",76,"Brazil","160250",NA,27380174,NA,2015-09-01
"170","Imports",124,"Canada",76,"Brazil","160250",22467,104585,4.65504962834379,2015-04-01
"171","Imports",392,"Japan",76,"Brazil","160250",489,3129,6.39877300613497,2015-04-01
"172","Imports",702,"Singapore",76,"Brazil","160250",19584,87963,4.49157475490196,2015-04-01
"173","Imports",251,"France",76,"Brazil","160250",97729,594130,6.0793623182474,2015-04-01
"174","Imports",28,"Antigua and Barbuda",76,"Brazil","160250",6594,30532,4.63026994237185,2015-04-01
"175","Imports",124,"Canada",76,"Brazil","160250",117932,525803,4.45852694773259,2015-10-01
"176","Imports",757,"Switzerland",76,"Brazil","160250",45960,505494,10.9985639686684,2015-02-01
"177","Imports",600,"Paraguay",76,"Brazil","160250",1152,2242,1.94618055555556,2015-02-01
"178","Imports",52,"Barbados",76,"Brazil","160250",23280,83700,3.59536082474227,2015-02-01
"179","Imports",97,"EU-27",76,"Brazil","160250",2652800,15562291,5.86636421893848,2015-02-01
"180","Imports",268,"Georgia",76,"Brazil","160250",16903,54608,3.23066911199195,2015-02-01
"181","Imports",554,"New Zealand",76,"Brazil","160250",22632,79498,3.51263697419583,2015-02-01
"182","Imports",203,"Czech Rep.",76,"Brazil","160250",1088,7417,6.81709558823529,2015-10-01
"183","Imports",842,"United States of America",76,"Brazil","160250",NA,32443924,NA,2015-02-01
"184","Imports",68,"Bolivia",76,"Brazil","160250",13022,28159,2.16241744739671,2014-06-01
"185","Imports",246,"Finland",76,"Brazil","160250",9520,80355,8.4406512605042,2014-06-01
"186","Imports",233,"Estonia",76,"Brazil","160250",13,179,13.7692307692308,2015-10-01
"187","Imports",246,"Finland",76,"Brazil","160250",448,36237,80.8861607142857,2015-02-01
"188","Imports",246,"Finland",76,"Brazil","160250",10475,77347,7.38396181384248,2015-10-01
"189","Imports",458,"Malaysia",76,"Brazil","160250",122,748,6.13114754098361,2014-06-01
"190","Imports",842,"United States of America",76,"Brazil","160250",NA,23097487,NA,2014-06-01
"191","Imports",372,"Ireland",76,"Brazil","160250",103,673,6.53398058252427,2015-10-01
"192","Exports",842,"United States of America",76,"Brazil","160250",NA,121560,NA,2014-06-01
"193","Imports",203,"Czech Rep.",76,"Brazil","160250",224,2325,10.3794642857143,2015-02-01
"194","Imports",233,"Estonia",76,"Brazil","160250",17,227,13.3529411764706,2015-02-01
"195","Imports",36,"Australia",76,"Brazil","160250",39951,163278,4.08695652173913,2014-06-01
"196","Imports",579,"Norway",76,"Brazil","160250",680,4494,6.60882352941176,2015-10-01
"197","Imports",52,"Barbados",76,"Brazil","160250",115549,404744,3.50279102372154,2014-06-01
"198","Imports",203,"Czech Rep.",76,"Brazil","160250",3711,27616,7.44165992993802,2014-06-01
"199","Imports",703,"Slovakia",76,"Brazil","160250",13,132,10.1538461538462,2014-06-01
"200","Imports",372,"Ireland",76,"Brazil","160250",3284,21503,6.54780755176614,2014-06-01
"201","Imports",442,"Luxembourg",76,"Brazil","160250",15,133,8.86666666666667,2014-06-01
"202","Imports",858,"Uruguay",76,"Brazil","160250",8640,26310,3.04513888888889,2015-02-01
"203","Imports",36,"Australia",76,"Brazil","160250",58311,260382,4.46540103925503,2015-02-01
"204","Imports",842,"United States of America",76,"Brazil","160250",NA,22501822,NA,2015-10-01
"205","Exports",842,"United States of America",76,"Brazil","160250",NA,57240,NA,2015-10-01
"206","Re-exports",842,"United States of America",76,"Brazil","160250",NA,57240,NA,2015-10-01
"207","Imports",276,"Germany",76,"Brazil","160250",58281,334171,5.73378974279782,2015-02-01
"208","Exports",842,"United States of America",76,"Brazil","160250",NA,196125,NA,2015-09-01
"209","Imports",56,"Belgium",76,"Brazil","160250",288117,1713165,5.94607399077458,2015-10-01
"210","Imports",703,"Slovakia",76,"Brazil","160250",18,161,8.94444444444444,2015-02-01
"211","Imports",28,"Antigua and Barbuda",76,"Brazil","160250",22007,87338,3.96864633980097,2015-02-01
"212","Imports",68,"Bolivia",76,"Brazil","160250",10770,16657,1.54661095636026,2015-02-01
"213","Imports",442,"Luxembourg",76,"Brazil","160250",3,25,8.33333333333333,2015-10-01
"214","Imports",56,"Belgium",76,"Brazil","160250",310220,1912976,6.16651408677713,2014-06-01
"215","Imports",616,"Poland",76,"Brazil","160250",35,312,8.91428571428571,2015-02-01
"216","Exports",381,"Italy",76,"Brazil","160250",25004,67018,2.68029115341545,2015-10-01
"217","Imports",208,"Denmark",76,"Brazil","160250",18728,117256,6.26099957283212,2014-06-01
"218","Imports",703,"Slovakia",76,"Brazil","160250",5,37,7.4,2015-10-01
"219","Imports",381,"Italy",76,"Brazil","160250",456158,3957466,8.6756474730247,2015-02-01
"220","Imports",381,"Italy",76,"Brazil","160250",645654,6293511,9.74749788586456,2014-06-01
"221","Imports",52,"Barbados",76,"Brazil","160250",69250,238209,3.43984115523466,2015-10-01
"222","Imports",608,"Philippines",76,"Brazil","160250",37771,145911,3.86304307537529,2015-02-01
"223","Imports",818,"Egypt",76,"Brazil","160250",NA,1347163,NA,2015-02-01
"224","Imports",56,"Belgium",76,"Brazil","160250",141054,874054,6.19659137635232,2015-02-01
"225","Imports",616,"Poland",76,"Brazil","160250",36,382,10.6111111111111,2015-10-01
"226","Imports",818,"Egypt",76,"Brazil","160250",NA,938353,NA,2015-10-01
"227","Imports",97,"EU-27",76,"Brazil","160250",3859600,23134821,5.99409809306664,2014-06-01
"228","Imports",608,"Philippines",76,"Brazil","160250",170047,584523,3.4374202426388,2015-10-01
"229","Imports",97,"EU-27",76,"Brazil","160250",NA,16810234,NA,2015-10-01
"230","Exports",97,"EU-27",76,"Brazil","160250",25000,67017,2.68068,2015-10-01
"231","Imports",528,"Netherlands",76,"Brazil","160250",121900,591766,4.85452009844135,2015-02-01
"232","Imports",196,"Cyprus",76,"Brazil","160250",8428,38620,4.58234456573327,2015-10-01
"233","Imports",276,"Germany",76,"Brazil","160250",151400,971896,6.41939233817701,2014-06-01
"234","Imports",152,"Chile",76,"Brazil","160250",23016,182168,7.91484184914842,2015-02-01
"235","Imports",470,"Malta",76,"Brazil","160250",20400,94750,4.64460784313725,2014-06-01
"236","Imports",344,"China, Hong Kong SAR",76,"Brazil","160250",672236,1063726,1.58236988200572,2015-02-01
"237","Imports",528,"Netherlands",76,"Brazil","160250",293000,1444313,4.92939590443686,2014-06-01
"238","Imports",276,"Germany",76,"Brazil","160250",45400,247608,5.45392070484581,2015-10-01
"239","Imports",480,"Mauritius",76,"Brazil","160250",19584,131159,6.69725285947712,2015-02-01
"240","Imports",702,"Singapore",76,"Brazil","160250",19584,84696,4.32475490196078,2015-02-01
"241","Imports",276,"Germany",76,"Brazil","160250",162900,965182,5.92499693063229,2014-07-01
"242","Imports",724,"Spain",76,"Brazil","160250",13700,80750,5.89416058394161,2014-06-01
"243","Imports",470,"Malta",76,"Brazil","160250",34300,189579,5.52708454810496,2015-10-01
"244","Imports",528,"Netherlands",76,"Brazil","160250",467500,2207981,4.72295401069519,2015-10-01
"245","Imports",480,"Mauritius",76,"Brazil","160250",38629,234000,6.05762510031324,2014-06-01
"246","Imports",608,"Philippines",76,"Brazil","160250",35108,9155,0.260766776803008,2014-06-01
"247","Imports",818,"Egypt",76,"Brazil","160250",NA,1597738,NA,2014-06-01
"248","Imports",372,"Ireland",76,"Brazil","160250",836,4734,5.66267942583732,2015-02-01
"249","Imports",304,"Greenland",76,"Brazil","160250",8,589,73.625,2015-02-01
"250","Imports",724,"Spain",76,"Brazil","160250",NA,111721,NA,2015-10-01
"251","Imports",826,"United Kingdom",76,"Brazil","160250",1552973,7996637,5.14924406283947,2015-02-01
"252","Imports",757,"Switzerland",76,"Brazil","160250",45856,541655,11.8120856594557,2014-06-01
"253","Imports",752,"Sweden",76,"Brazil","160250",79000,461147,5.83730379746835,2015-02-01
"254","Imports",84,"Belize",76,"Brazil","160250",9113,9286,1.01898386919785,2015-02-01
"255","Imports",702,"Singapore",76,"Brazil","160250",19584,85567,4.36922998366013,2014-06-01
"256","Imports",36,"Australia",76,"Brazil","160250",80784,323592,4.00564468211527,2015-10-01
"257","Imports",28,"Antigua and Barbuda",76,"Brazil","160250",87403,335740,3.84128691234855,2014-06-01
"258","Imports",670,"Saint Vincent and the Grenadines",76,"Brazil","160250",16295,78385,4.8103712795336,2015-02-01
"259","Imports",204,"Benin",76,"Brazil","160250",71808,1315,0.0183127228163993,2015-02-01
"260","Imports",634,"Qatar",76,"Brazil","160250",1632,4545,2.78492647058824,2014-06-01
"261","Imports",690,"Seychelles",76,"Brazil","160250",NA,7810,NA,2015-02-01
"262","Imports",60,"Bermuda",76,"Brazil","160250",3,36,12,2014-06-01
"263","Imports",124,"Canada",76,"Brazil","160250",459426,2458042,5.35024574142517,2014-06-01
"264","Imports",757,"Switzerland",76,"Brazil","160250",63521,494751,7.78877851419216,2015-10-01
"265","Imports",251,"France",76,"Brazil","160250",50300,299660,5.95745526838966,2014-06-01
"266","Imports",124,"Canada",76,"Brazil","160250",18858,89879,4.76609396542581,2015-02-01
"267","Imports",392,"Japan",76,"Brazil","160250",489,3036,6.20858895705521,2015-02-01
"268","Imports",28,"Antigua and Barbuda",76,"Brazil","160250",22141,79197,3.57693871098866,2015-10-01
"269","Imports",68,"Bolivia",76,"Brazil","160250",65982,77525,1.17494165075324,2015-10-01
"270","Imports",752,"Sweden",76,"Brazil","160250",42000,227577,5.4185,2015-10-01
"271","Imports",480,"Mauritius",76,"Brazil","160250",19584,105860,5.40543300653595,2015-10-01
"272","Re-exports",842,"United States of America",76,"Brazil","160250",NA,99000,NA,2015-09-01
"273","Imports",84,"Belize",76,"Brazil","160250",47289,80347,1.69906320708833,2015-10-01
"274","Imports",702,"Singapore",76,"Brazil","160250",26642,136682,5.13032054650552,2015-10-01
"275","Imports",670,"Saint Vincent and the Grenadines",76,"Brazil","160250",63247,239987,3.79444084304394,2015-10-01
"276","Imports",690,"Seychelles",76,"Brazil","160250",NA,29417,NA,2015-10-01
"277","Imports",392,"Japan",76,"Brazil","160250",408,2490,6.10294117647059,2015-10-01
"278","Imports",251,"France",76,"Brazil","160250",200582,1241554,6.18975780478807,2015-10-01
"279","Imports",458,"Malaysia",76,"Brazil","160250",735,4570,6.21768707482993,2015-10-01
"280","Imports",826,"United Kingdom",76,"Brazil","160250",2193103,10228733,4.66404587472636,2015-10-01
"281","Imports",203,"Czech Rep.",76,"Brazil","160250",54,640,11.8518518518519,2015-09-01
"282","Imports",528,"Netherlands",76,"Brazil","160250",420200,1986336,4.72712041884817,2015-12-01
"283","Imports",36,"Australia",76,"Brazil","160250",72608,383566,5.28269612163949,2014-01-01
"284","Imports",203,"Czech Rep.",76,"Brazil","160250",10,123,12.3,2014-01-01
"285","Imports",757,"Switzerland",76,"Brazil","160250",34429,382318,11.1045339684568,2014-01-01
"286","Imports",233,"Estonia",76,"Brazil","160250",4100,55,0.0134146341463415,2014-01-01
"287","Imports",52,"Barbados",76,"Brazil","160250",70971,226181,3.18694959913204,2014-01-01
"288","Imports",442,"Luxembourg",76,"Brazil","160250",21,186,8.85714285714286,2014-01-01
"289","Imports",826,"United Kingdom",76,"Brazil","160250",3182920,16140575,5.07099612934035,2014-01-01
"290","Exports",826,"United Kingdom",76,"Brazil","160250",37523,293387,7.8188577672361,2014-01-01
"291","Imports",152,"Chile",76,"Brazil","160250",167880,1127731,6.71748272575649,2014-09-01
"292","Imports",842,"United States of America",76,"Brazil","160250",NA,17109194,NA,2014-01-01
"293","Imports",56,"Belgium",76,"Brazil","160250",166500,1089222,6.54187387387387,2014-01-01
"294","Imports",600,"Paraguay",76,"Brazil","160250",15702,32860,2.09272704114126,2014-09-01
"295","Exports",152,"Chile",76,"Brazil","160250",3978,28730,7.22222222222222,2014-09-01
"296","Imports",97,"EU-27",76,"Brazil","160250",NA,22925296,NA,2014-01-01
"297","Imports",233,"Estonia",76,"Brazil","160250",8,131,16.375,2015-09-01
"298","Exports",97,"EU-27",76,"Brazil","160250",NA,293200,NA,2014-01-01
"299","Imports",251,"France",76,"Brazil","160250",168896,901438,5.33723711633194,2014-01-01
"300","Imports",233,"Estonia",76,"Brazil","160250",34,393,11.5588235294118,2014-09-01
"301","Imports",276,"Germany",76,"Brazil","160250",211100,1172338,5.55347228801516,2014-01-01
"302","Exports",276,"Germany",76,"Brazil","160250",NA,27,NA,2014-01-01
"303","Imports",826,"United Kingdom",76,"Brazil","160250",2740317,13222384,4.82512935547238,2014-09-01
"304","Exports",826,"United Kingdom",76,"Brazil","160250",64440,270683,4.20054314090627,2014-09-01
"305","Imports",372,"Ireland",76,"Brazil","160250",2749,24620,8.9559839941797,2014-01-01
"306","Imports",842,"United States of America",76,"Brazil","160250",NA,18999266,NA,2014-09-01
"307","Imports",381,"Italy",76,"Brazil","160250",25317,185308,7.31950863056444,2014-01-01
"308","Exports",842,"United States of America",76,"Brazil","160250",NA,76464,NA,2014-09-01
"309","Imports",470,"Malta",76,"Brazil","160250",81800,464727,5.68125916870416,2014-01-01
"310","Imports",528,"Netherlands",76,"Brazil","160250",454200,2367786,5.21309114927345,2014-01-01
"311","Imports",68,"Bolivia",76,"Brazil","160250",21834,44812,2.05239534670697,2014-09-01
"312","Imports",203,"Czech Rep.",76,"Brazil","160250",130,1559,11.9923076923077,2014-09-01
"313","Imports",616,"Poland",76,"Brazil","160250",17,234,13.7647058823529,2014-01-01
"314","Imports",724,"Spain",76,"Brazil","160250",71800,425680,5.92869080779944,2014-01-01
"315","Imports",442,"Luxembourg",76,"Brazil","160250",5,50,10,2014-09-01
"316","Imports",608,"Philippines",76,"Brazil","160250",55440,10565,0.190566378066378,2014-01-01
"317","Imports",757,"Switzerland",76,"Brazil","160250",49133,459596,9.35412044857835,2014-09-01
"318","Imports",579,"Norway",76,"Brazil","160250",18360,114868,6.25642701525054,2014-01-01
"319","Imports",36,"Australia",76,"Brazil","160250",50482,244088,4.83514916207757,2014-09-01
"320","Imports",818,"Egypt",76,"Brazil","160250",NA,310773,NA,2014-01-01
"321","Imports",68,"Bolivia",76,"Brazil","160250",17442,33574,1.92489393418186,2014-01-01
"322","Imports",132,"Cabo Verde",76,"Brazil","160250",3668,10269,2.79961832061069,2014-01-01
"323","Imports",591,"Panama",76,"Brazil","160250",25300,92379,3.65134387351779,2014-01-01
"324","Imports",56,"Belgium",76,"Brazil","160250",277600,1868749,6.73180475504323,2014-09-01
"325","Imports",28,"Antigua and Barbuda",76,"Brazil","160250",80917,301427,3.72513810447743,2014-01-01
"326","Imports",97,"EU-27",76,"Brazil","160250",3945100,20152717,5.10829053762896,2014-09-01
"327","Imports",702,"Singapore",76,"Brazil","160250",113734,409038,3.59644433502734,2014-01-01
"328","Exports",97,"EU-27",76,"Brazil","160250",43300,207371,4.78916859122402,2014-09-01
"329","Imports",246,"Finland",76,"Brazil","160250",2057,40276,19.5799708313077,2014-01-01
"330","Imports",634,"Qatar",76,"Brazil","160250",4080,21270,5.21323529411765,2014-01-01
"331","Imports",124,"Canada",76,"Brazil","160250",153652,768086,4.99886757087444,2014-01-01
"332","Exports",858,"Uruguay",76,"Brazil","160250",22000,25520,1.16,2014-01-01
"333","Imports",858,"Uruguay",76,"Brazil","160250",8952,28886,3.22676496872207,2014-01-01
"334","Imports",344,"China, Hong Kong SAR",76,"Brazil","160250",927155,2088621,2.25272041891593,2014-01-01
"335","Imports",251,"France",76,"Brazil","160250",89518,601148,6.71538684957215,2014-09-01
"336","Imports",372,"Ireland",76,"Brazil","160250",2943,19108,6.49269452939178,2014-09-01
"337","Imports",84,"Belize",76,"Brazil","160250",98758,160992,1.63016667004192,2014-01-01
"338","Imports",703,"Slovakia",76,"Brazil","160250",12609,79333,6.29177571575859,2014-01-01
"339","Imports",752,"Sweden",76,"Brazil","160250",32000,228326,7.1351875,2014-01-01
"340","Imports",470,"Malta",76,"Brazil","160250",67200,357525,5.3203125,2014-09-01
"341","Imports",528,"Netherlands",76,"Brazil","160250",347200,1700520,4.89781105990783,2014-09-01
"342","Imports",818,"Egypt",76,"Brazil","160250",NA,1539200,NA,2015-07-01
"343","Imports",616,"Poland",76,"Brazil","160250",15,172,11.4666666666667,2014-09-01
"344","Imports",276,"Germany",76,"Brazil","160250",86859,432621,4.98072738576313,2015-07-01
"345","Imports",703,"Slovakia",76,"Brazil","160250",5,39,7.8,2014-09-01
"346","Imports",724,"Spain",76,"Brazil","160250",34900,207964,5.95885386819484,2014-09-01
"347","Imports",36,"Australia",76,"Brazil","160250",38760,198463,5.1203044375645,2015-07-01
"348","Imports",68,"Bolivia",76,"Brazil","160250",26897,36405,1.35349667249136,2015-07-01
"349","Imports",124,"Canada",76,"Brazil","160250",218036,986105,4.52267056816306,2015-07-01
"350","Imports",152,"Chile",76,"Brazil","160250",151918,993691,6.54096947037217,2015-07-01
"351","Imports",203,"Czech Rep.",76,"Brazil","160250",146,1646,11.2739726027397,2015-07-01
"352","Imports",276,"Germany",76,"Brazil","160250",100100,703143,7.02440559440559,2014-09-01
"353","Imports",233,"Estonia",76,"Brazil","160250",51,851,16.6862745098039,2015-07-01
"354","Imports",818,"Egypt",76,"Brazil","160250",NA,999235,NA,2014-09-01
"355","Imports",344,"China, Hong Kong SAR",76,"Brazil","160250",780306,1603876,2.05544491519993,2015-07-01
"356","Imports",60,"Bermuda",76,"Brazil","160250",4,74,18.5,2014-09-01
"357","Imports",124,"Canada",76,"Brazil","160250",480371,2617256,5.44840550324645,2014-09-01
"358","Imports",246,"Finland",76,"Brazil","160250",26066,217347,8.33833346121384,2014-09-01
"359","Imports",372,"Ireland",76,"Brazil","160250",3390,23578,6.95516224188791,2015-07-01
"360","Imports",591,"Panama",76,"Brazil","160250",17539,85296,4.86321911169394,2014-09-01
"361","Imports",702,"Singapore",76,"Brazil","160250",56843,264763,4.65779427546048,2014-09-01
"362","Imports",480,"Mauritius",76,"Brazil","160250",19584,119183,6.08573325163399,2014-09-01
"363","Imports",600,"Paraguay",76,"Brazil","160250",45064,108734,2.4128794603231,2015-07-01
"364","Imports",608,"Philippines",76,"Brazil","160250",78852,17095,0.216798559326333,2014-09-01
"365","Imports",826,"United Kingdom",76,"Brazil","160250",1526779,7841408,5.13591554507889,2015-07-01
"366","Imports",858,"Uruguay",76,"Brazil","160250",13056,39483,3.02412683823529,2014-09-01
"367","Imports",842,"United States of America",76,"Brazil","160250",NA,29111085,NA,2015-07-01
"368","Imports",328,"Guyana",76,"Brazil","160250",17485,90774,5.19153560194452,2014-09-01
"369","Imports",344,"China, Hong Kong SAR",76,"Brazil","160250",1274371,1737116,1.36311639232217,2014-09-01
"370","Imports",458,"Malaysia",76,"Brazil","160250",4521,2170,0.479982304799823,2014-09-01
"371","Imports",52,"Barbados",76,"Brazil","160250",22106,91388,4.13408124491088,2015-07-01
"372","Imports",752,"Sweden",76,"Brazil","160250",30000,177933,5.9311,2014-09-01
"373","Imports",97,"EU-27",76,"Brazil","160250",3111600,16146944,5.1892736855637,2015-07-01
"374","Imports",132,"Cabo Verde",76,"Brazil","160250",2384,7707,3.23280201342282,2014-09-01
"375","Imports",246,"Finland",76,"Brazil","160250",8257,62192,7.53203342618384,2015-07-01
"376","Imports",251,"France",76,"Brazil","160250",79062,464220,5.87159444486605,2015-07-01
"377","Imports",528,"Netherlands",76,"Brazil","160250",360500,1500877,4.16332038834951,2015-07-01
"378","Imports",616,"Poland",76,"Brazil","160250",14,145,10.3571428571429,2015-07-01
"379","Imports",724,"Spain",76,"Brazil","160250",74300,422180,5.68209959623149,2015-07-01
"380","Imports",56,"Belgium",76,"Brazil","160250",724212,4242856,5.858582845907,2015-07-01
"381","Imports",84,"Belize",76,"Brazil","160250",109806,190859,1.73814727792653,2015-07-01
"382","Imports",818,"Egypt",76,"Brazil","160250",NA,2203197,NA,2015-12-01
"383","Imports",480,"Mauritius",76,"Brazil","160250",39168,237378,6.06050857843137,2015-07-01
"384","Imports",591,"Panama",76,"Brazil","160250",10854,17110,1.57637737239727,2015-07-01
"385","Imports",352,"Iceland",76,"Brazil","160250",8,497,62.125,2015-07-01
"386","Imports",757,"Switzerland",76,"Brazil","160250",58035,487676,8.4031360385974,2015-07-01
"387","Imports",702,"Singapore",76,"Brazil","160250",45908,206836,4.50544567395661,2015-07-01
"388","Imports",752,"Sweden",76,"Brazil","160250",181000,978161,5.4042044198895,2015-07-01
"389","Imports",60,"Bermuda",76,"Brazil","160250",3,34,11.3333333333333,2015-07-01
"390","Imports",304,"Greenland",76,"Brazil","160250",123,9057,73.6341463414634,2015-07-01
"391","Imports",392,"Japan",76,"Brazil","160250",489,3148,6.43762781186094,2015-07-01
"392","Imports",208,"Denmark",76,"Brazil","160250",33,185,5.60606060606061,2015-07-01
"393","Imports",458,"Malaysia",76,"Brazil","160250",653,4687,7.17764165390505,2015-07-01
"394","Imports",690,"Seychelles",76,"Brazil","160250",NA,113,NA,2015-08-01
"395","Imports",52,"Barbados",76,"Brazil","160250",208551,707777,3.39378377471218,2015-08-01
"396","Imports",124,"Canada",76,"Brazil","160250",167456,739746,4.41755446206765,2015-08-01
"397","Imports",152,"Chile",76,"Brazil","160250",102820,605752,5.89138299941646,2015-08-01
"398","Imports",203,"Czech Rep.",76,"Brazil","160250",89,976,10.9662921348315,2015-08-01
"399","Imports",233,"Estonia",76,"Brazil","160250",25,438,17.52,2015-08-01
"400","Imports",276,"Germany",76,"Brazil","160250",158165,829307,5.2433028799039,2015-08-01
"401","Imports",344,"China, Hong Kong SAR",76,"Brazil","160250",784511,1694281,2.15966506524446,2015-08-01
"402","Exports",372,"Ireland",76,"Brazil","160250",6854,30213,4.40808287131602,2015-08-01
"403","Imports",826,"United Kingdom",76,"Brazil","160250",1980581,9495716,4.79440931726599,2015-08-01
"404","Imports",842,"United States of America",76,"Brazil","160250",NA,20190469,NA,2015-08-01
"405","Exports",842,"United States of America",76,"Brazil","160250",NA,121000,NA,2015-08-01
"406","Imports",480,"Mauritius",76,"Brazil","160250",39168,236967,6.05001531862745,2015-09-01
"407","Re-exports",842,"United States of America",76,"Brazil","160250",NA,121000,NA,2015-08-01
"408","Imports",246,"Finland",76,"Brazil","160250",3920,31020,7.91326530612245,2015-08-01
"409","Imports",36,"Australia",76,"Brazil","160250",38760,189677,4.89362745098039,2015-08-01
"410","Imports",56,"Belgium",76,"Brazil","160250",340702,2420212,7.10360373581605,2015-08-01
"411","Imports",97,"EU-27",76,"Brazil","160250",3003900,15562475,5.18075668297879,2015-08-01
"412","Exports",97,"EU-27",76,"Brazil","160250",6900,30209,4.37811594202899,2015-08-01
"413","Imports",251,"France",76,"Brazil","160250",72100,416610,5.77822468793343,2015-08-01
"414","Imports",528,"Netherlands",76,"Brazil","160250",294900,1419922,4.81492709393015,2015-08-01
"415","Imports",724,"Spain",76,"Brazil","160250",14800,99081,6.69466216216216,2015-08-01
"416","Imports",52,"Barbados",76,"Brazil","160250",22323,81555,3.65340680016127,2015-06-01
"417","Imports",84,"Belize",76,"Brazil","160250",47706,78960,1.65513771852597,2015-08-01
"418","Imports",842,"United States of America",76,"Brazil","160250",NA,29663230,NA,2015-06-01
"419","Imports",372,"Ireland",76,"Brazil","160250",5544,38930,7.02200577200577,2015-06-01
"420","Imports",600,"Paraguay",76,"Brazil","160250",22032,53212,2.41521423384168,2015-06-01
"421","Imports",276,"Germany",76,"Brazil","160250",96379,556361,5.77263719274946,2015-06-01
"422","Imports",480,"Mauritius",76,"Brazil","160250",29164,138537,4.75027431079413,2015-08-01
"423","Imports",608,"Philippines",76,"Brazil","160250",39070,227693,5.82782185820323,2015-08-01
"424","Imports",28,"Antigua and Barbuda",76,"Brazil","160250",25765,94934,3.68461090626819,2015-06-01
"425","Imports",152,"Chile",76,"Brazil","160250",100563,605231,6.01842626015533,2015-06-01
"426","Imports",616,"Poland",76,"Brazil","160250",12,117,9.75,2015-08-01
"427","Imports",246,"Finland",76,"Brazil","160250",2699,22337,8.27602815857725,2015-06-01
"428","Imports",703,"Slovakia",76,"Brazil","160250",4,36,9,2015-08-01
"429","Imports",344,"China, Hong Kong SAR",76,"Brazil","160250",719258,1284785,1.7862644558698,2015-06-01
"430","Imports",818,"Egypt",76,"Brazil","160250",NA,1621042,NA,2015-08-01
"431","Imports",36,"Australia",76,"Brazil","160250",38760,202883,5.2343395252838,2015-06-01
"432","Imports",757,"Switzerland",76,"Brazil","160250",50199,458511,9.13386720851013,2015-08-01
"433","Imports",68,"Bolivia",76,"Brazil","160250",32874,42820,1.30254912696964,2015-08-01
"434","Imports",233,"Estonia",76,"Brazil","160250",15,301,20.0666666666667,2015-06-01
"435","Imports",752,"Sweden",76,"Brazil","160250",142000,808595,5.69433098591549,2015-08-01
"436","Imports",231,"Ethiopia",76,"Brazil","160250",2116,4358,2.05954631379962,2015-08-01
"437","Imports",304,"Greenland",76,"Brazil","160250",9,650,72.2222222222222,2015-08-01
"438","Imports",12,"Algeria",76,"Brazil","160250",51320,336497,6.55683943881528,2015-08-01
"439","Imports",372,"Ireland",76,"Brazil","160250",2068,14676,7.09671179883946,2015-08-01
"440","Imports",670,"Saint Vincent and the Grenadines",76,"Brazil","160250",21408,77626,3.62602765321375,2015-08-01
"441","Imports",203,"Czech Rep.",76,"Brazil","160250",33,357,10.8181818181818,2015-06-01
"442","Imports",392,"Japan",76,"Brazil","160250",489,2994,6.12269938650307,2015-08-01
"443","Imports",702,"Singapore",76,"Brazil","160250",135929,613390,4.51257641857146,2015-08-01
"444","Imports",208,"Denmark",76,"Brazil","160250",19045,101774,5.34386978209504,2015-06-01
"445","Imports",458,"Malaysia",76,"Brazil","160250",735,4279,5.82176870748299,2015-08-01
"446","Imports",52,"Barbados",76,"Brazil","160250",22460,79450,3.53739982190561,2014-02-01
"447","Imports",268,"Georgia",76,"Brazil","160250",17394,52405,3.01282051282051,2014-02-01
"448","Imports",842,"United States of America",76,"Brazil","160250",NA,12162472,NA,2014-02-01
"449","Imports",68,"Bolivia",76,"Brazil","160250",8150,15445,1.89509202453988,2015-06-01
"450","Imports",233,"Estonia",76,"Brazil","160250",11300,153,0.0135398230088496,2014-02-01
"451","Imports",97,"EU-27",76,"Brazil","160250",NA,29914467,NA,2015-06-01
"452","Imports",600,"Paraguay",76,"Brazil","160250",19478,49963,2.56509908614848,2014-02-01
"453","Imports",703,"Slovakia",76,"Brazil","160250",10374,65388,6.30306535569693,2014-02-01
"454","Imports",203,"Czech Rep.",76,"Brazil","160250",174,2280,13.1034482758621,2014-02-01
"455","Imports",826,"United Kingdom",76,"Brazil","160250",1930737,9899930,5.12753938003985,2014-02-01
"456","Imports",470,"Malta",76,"Brazil","160250",16600,92832,5.59228915662651,2015-06-01
"457","Imports",608,"Philippines",76,"Brazil","160250",19535,91380,4.67775787048887,2015-06-01
"458","Imports",616,"Poland",76,"Brazil","160250",15,140,9.33333333333333,2015-06-01
"459","Imports",579,"Norway",76,"Brazil","160250",82,926,11.2926829268293,2014-02-01
"460","Imports",703,"Slovakia",76,"Brazil","160250",22,191,8.68181818181818,2015-06-01
"461","Imports",36,"Australia",76,"Brazil","160250",19976,83005,4.15523628354025,2014-02-01
"462","Imports",724,"Spain",76,"Brazil","160250",14800,100211,6.77101351351351,2015-06-01
"463","Imports",56,"Belgium",76,"Brazil","160250",137000,703949,5.13831386861314,2014-02-01
"464","Imports",97,"EU-27",76,"Brazil","160250",3070200,15828633,5.1555706468634,2014-02-01
"465","Imports",818,"Egypt",76,"Brazil","160250",NA,204621,NA,2015-06-01
"466","Imports",826,"United Kingdom",76,"Brazil","160250",1597459,8441781,5.28450558042491,2015-06-01
"467","Imports",276,"Germany",76,"Brazil","160250",166500,1006312,6.04391591591592,2014-02-01
"468","Imports",528,"Netherlands",76,"Brazil","160250",204200,938248,4.59475024485798,2015-06-01
"469","Imports",480,"Mauritius",76,"Brazil","160250",28127,160433,5.70387883528282,2015-06-01
"470","Imports",56,"Belgium",76,"Brazil","160250",1212496,7070075,5.83100892703976,2015-06-01
"471","Imports",381,"Italy",76,"Brazil","160250",1288006,10932647,8.4880404283831,2015-06-01
"472","Imports",470,"Malta",76,"Brazil","160250",68700,366581,5.33596797671033,2014-02-01
"473","Imports",528,"Netherlands",76,"Brazil","160250",255000,1350385,5.29562745098039,2014-02-01
"474","Imports",757,"Switzerland",76,"Brazil","160250",30401,321385,10.571527252393,2015-06-01
"475","Imports",752,"Sweden",76,"Brazil","160250",72000,422018,5.86136111111111,2015-06-01
"476","Imports",724,"Spain",76,"Brazil","160250",20200,120691,5.97480198019802,2014-02-01
"477","Imports",258,"French Polynesia",76,"Brazil","160250",2,204,102,2015-06-01
"478","Imports",670,"Saint Vincent and the Grenadines",76,"Brazil","160250",22962,89221,3.88559358940859,2015-06-01
"479","Imports",690,"Seychelles",76,"Brazil","160250",NA,42,NA,2015-06-01
"480","Imports",246,"Finland",76,"Brazil","160250",13106,106213,8.1041507706394,2014-02-01
"481","Imports",124,"Canada",76,"Brazil","160250",129120,605392,4.68859975216853,2015-06-01
"482","Imports",392,"Japan",76,"Brazil","160250",652,4105,6.29601226993865,2015-06-01
"483","Imports",818,"Egypt",76,"Brazil","160250",NA,516251,NA,2014-02-01
"484","Imports",702,"Singapore",76,"Brazil","160250",37536,163874,4.36578218243819,2015-06-01
"485","Imports",68,"Bolivia",76,"Brazil","160250",29906,49108,1.64207851267304,2014-02-01
"486","Imports",480,"Mauritius",76,"Brazil","160250",19584,118845,6.06847426470588,2014-02-01
"487","Imports",251,"France",76,"Brazil","160250",90943,547858,6.02419097676567,2015-06-01
"488","Imports",458,"Malaysia",76,"Brazil","160250",1020,6060,5.94117647058824,2015-06-01
"489","Imports",208,"Denmark",76,"Brazil","160250",47,279,5.93617021276596,2014-02-01
"490","Imports",702,"Singapore",76,"Brazil","160250",35943,171363,4.76763208413321,2014-02-01
"491","Imports",28,"Antigua and Barbuda",76,"Brazil","160250",49579,189819,3.82861695475907,2014-02-01
"492","Imports",757,"Switzerland",76,"Brazil","160250",25032,285053,11.387543943752,2014-02-01
"493","Imports",372,"Ireland",76,"Brazil","160250",2479,17370,7.00685760387253,2014-02-01
"494","Imports",124,"Canada",76,"Brazil","160250",55036,254170,4.61824987281052,2014-02-01
"495","Imports",251,"France",76,"Brazil","160250",123642,753340,6.09291341130037,2014-02-01
"496","Imports",616,"Poland",76,"Brazil","160250",35,459,13.1142857142857,2014-02-01
"497","Imports",858,"Uruguay",76,"Brazil","160250",22666,71167,3.13981293567458,2014-02-01
"498","Imports",344,"China, Hong Kong SAR",76,"Brazil","160250",817895,1732504,2.11824745230133,2014-02-01
"499","Imports",196,"Cyprus",76,"Brazil","160250",10587,39454,3.72664588646453,2014-02-01
"500","Imports",752,"Sweden",76,"Brazil","160250",15000,96371,6.42473333333333,2014-02-01
"501","Imports",12,"Algeria",76,"Brazil","160250",31344,45350,1.44684788157223,2014-02-01
"502","Imports",152,"Chile",76,"Brazil","160250",101492,603204,5.94336499428526,2014-02-01
"503","Imports",84,"Belize",76,"Brazil","160250",46440,79263,1.70678294573643,2014-06-01
"504","Imports",826,"United Kingdom",76,"Brazil","160250",2439349,13190245,5.40728079499899,2014-06-01
"505","Imports",616,"Poland",76,"Brazil","160250",22,268,12.1818181818182,2014-06-01
"506","Exports",858,"Uruguay",76,"Brazil","160250",22000,26070,1.185,2014-06-01
"507","Imports",858,"Uruguay",76,"Brazil","160250",16608,43089,2.5944725433526,2014-06-01
"508","Imports",344,"China, Hong Kong SAR",76,"Brazil","160250",600075,1393094,2.32153314169062,2014-06-01
"509","Imports",752,"Sweden",76,"Brazil","160250",78000,424157,5.43791025641026,2014-06-01
"510","Imports",620,"Portugal",76,"Brazil","160250",2824,23018,8.15084985835694,2014-06-01
"511","Imports",12,"Algeria",76,"Brazil","160250",39951,57805,1.44689744937548,2014-06-01
"512","Imports",372,"Ireland",76,"Brazil","160250",2993,19601,6.54894754426996,2015-12-01
"513","Imports",670,"Saint Vincent and the Grenadines",76,"Brazil","160250",24201,90768,3.75058881864386,2015-12-01
"514","Imports",152,"Chile",76,"Brazil","160250",180320,1110803,6.16017635314996,2014-06-01
"515","Imports",690,"Seychelles",76,"Brazil","160250",NA,1155,NA,2015-12-01
"516","Imports",233,"Estonia",76,"Brazil","160250",4,43,10.75,2014-05-01
"517","Imports",152,"Chile",76,"Brazil","160250",140469,877836,6.24932191444376,2014-05-01
"518","Imports",56,"Belgium",76,"Brazil","160250",385802,2518147,6.52704496088667,2015-09-01
"519","Imports",152,"Chile",76,"Brazil","160250",70884,424116,5.98324022346369,2015-09-01
"520","Imports",124,"Canada",76,"Brazil","160250",164448,693869,4.21938241875851,2015-12-01
"521","Imports",208,"Denmark",76,"Brazil","160250",49,291,5.93877551020408,2015-12-01
"522","Imports",372,"Ireland",76,"Brazil","160250",5118,36495,7.13071512309496,2015-09-01
"523","Imports",251,"France",76,"Brazil","160250",87980,523853,5.95422823368947,2015-12-01
"524","Imports",276,"Germany",76,"Brazil","160250",147500,936978,6.35239322033898,2014-05-01
"525","Imports",381,"Italy",76,"Brazil","160250",23958,188058,7.84948660155272,2015-12-01
"526","Imports",458,"Malaysia",76,"Brazil","160250",4081,22223,5.44547904925263,2015-12-01
"527","Imports",703,"Slovakia",76,"Brazil","160250",10,82,8.2,2015-12-01
"528","Imports",826,"United Kingdom",76,"Brazil","160250",2968612,13595803,4.57985179605823,2015-12-01
"529","Imports",470,"Malta",76,"Brazil","160250",67600,349101,5.16421597633136,2014-05-01
"530","Imports",528,"Netherlands",76,"Brazil","160250",263200,1259355,4.78478343465046,2014-05-01
"531","Imports",392,"Japan",76,"Brazil","160250",514,3415,6.64396887159533,2015-01-01
"532","Imports",818,"Egypt",76,"Brazil","160250",NA,289118,NA,2014-05-01
"533","Imports",608,"Philippines",76,"Brazil","160250",133544,28333,0.212162283591925,2014-05-01
"534","Imports",52,"Barbados",76,"Brazil","160250",46084,170873,3.70785956080201,2015-01-01
"535","Imports",28,"Antigua and Barbuda",76,"Brazil","160250",9506,24894,2.61876709446665,2014-05-01
"536","Imports",757,"Switzerland",76,"Brazil","160250",24395,274134,11.2373027259684,2014-05-01
"537","Imports",203,"Czech Rep.",76,"Brazil","160250",68,770,11.3235294117647,2015-01-01
"538","Imports",842,"United States of America",76,"Brazil","160250",NA,17138315,NA,2014-05-01
"539","Exports",842,"United States of America",76,"Brazil","160250",NA,119109,NA,2014-05-01
"540","Imports",246,"Finland",76,"Brazil","160250",560,4645,8.29464285714286,2014-05-01
"541","Imports",634,"Qatar",76,"Brazil","160250",1632,3509,2.15012254901961,2014-05-01
"542","Imports",124,"Canada",76,"Brazil","160250",206810,1072572,5.1862675886079,2014-05-01
"543","Imports",251,"France",76,"Brazil","160250",56614,356842,6.30306991203589,2014-05-01
"544","Imports",372,"Ireland",76,"Brazil","160250",22069,178031,8.06701708278581,2014-05-01
"545","Imports",842,"United States of America",76,"Brazil","160250",NA,23408411,NA,2015-01-01
"546","Imports",84,"Belize",76,"Brazil","160250",46559,77631,1.66736828540132,2014-05-01
"547","Imports",826,"United Kingdom",76,"Brazil","160250",2486790,12575673,5.05699033694039,2014-05-01
"548","Imports",858,"Uruguay",76,"Brazil","160250",8083,25155,3.11208709637511,2014-05-01
"549","Exports",858,"Uruguay",76,"Brazil","160250",44000,52140,1.185,2014-05-01
"550","Imports",328,"Guyana",76,"Brazil","160250",17486,91701,5.24425254489306,2014-05-01
"551","Imports",702,"Singapore",76,"Brazil","160250",112200,549718,4.89944741532977,2014-05-01
"552","Imports",344,"China, Hong Kong SAR",76,"Brazil","160250",794956,1505122,1.8933400087552,2014-05-01
"553","Imports",579,"Norway",76,"Brazil","160250",4973,31146,6.26302030967223,2014-05-01
"554","Imports",458,"Malaysia",76,"Brazil","160250",13709,21231,1.54869064118462,2014-05-01
"555","Imports",703,"Slovakia",76,"Brazil","160250",8,94,11.75,2014-05-01
"556","Imports",381,"Italy",76,"Brazil","160250",434138,3853243,8.87561789108532,2014-05-01
"557","Imports",752,"Sweden",76,"Brazil","160250",47000,276456,5.88204255319149,2014-05-01
"558","Imports",686,"Senegal",76,"Brazil","160250",8847,3263,0.368825590595682,2014-05-01
"559","Imports",608,"Philippines",76,"Brazil","160250",21318,57690,2.70616380523501,2015-09-01
"560","Imports",233,"Estonia",76,"Brazil","160250",15,224,14.9333333333333,2015-01-01
"561","Imports",818,"Egypt",76,"Brazil","160250",NA,1329043,NA,2015-09-01
"562","Imports",600,"Paraguay",76,"Brazil","160250",63672,155879,2.44815617539892,2015-05-01
"563","Imports",276,"Germany",76,"Brazil","160250",166934,1020091,6.11074436603688,2015-05-01
"564","Imports",591,"Panama",76,"Brazil","160250",26419,102270,3.87107763352133,2015-01-01
"565","Imports",528,"Netherlands",76,"Brazil","160250",277400,1437748,5.18294160057678,2015-05-01
"566","Imports",344,"China, Hong Kong SAR",76,"Brazil","160250",1063471,2522674,2.37211357902566,2015-05-01
"567","Imports",246,"Finland",76,"Brazil","160250",5320,43955,8.26221804511278,2015-01-01
"568","Imports",757,"Switzerland",76,"Brazil","160250",45516,507267,11.1448062219879,2015-05-01
"569","Imports",124,"Canada",76,"Brazil","160250",130747,621983,4.75714930361691,2015-05-01
"570","Imports",352,"Iceland",76,"Brazil","160250",24,239,9.95833333333333,2015-01-01
"571","Imports",68,"Bolivia",76,"Brazil","160250",8148,14371,1.76374570446735,2014-10-01
"572","Imports",246,"Finland",76,"Brazil","160250",28229,242055,8.57469269191257,2015-05-01
"573","Imports",600,"Paraguay",76,"Brazil","160250",31042,70150,2.25984150505766,2014-10-01
"574","Imports",842,"United States of America",76,"Brazil","160250",NA,29838138,NA,2015-05-01
"575","Imports",152,"Chile",76,"Brazil","160250",99604,677238,6.79930524878519,2014-10-01
"576","Imports",616,"Poland",76,"Brazil","160250",36,404,11.2222222222222,2015-09-01
"577","Imports",757,"Switzerland",76,"Brazil","160250",64134,585787,9.13379798546793,2014-10-01
"578","Imports",36,"Australia",76,"Brazil","160250",79136,377334,4.76817124949454,2015-05-01
"579","Imports",124,"Canada",76,"Brazil","160250",167215,874124,5.2275453757139,2014-10-01
"580","Imports",203,"Czech Rep.",76,"Brazil","160250",16,197,12.3125,2015-05-01
"581","Imports",208,"Denmark",76,"Brazil","160250",43,220,5.11627906976744,2014-10-01
"582","Imports",381,"Italy",76,"Brazil","160250",258612,2255605,8.72196572471502,2015-01-01
"583","Imports",152,"Chile",76,"Brazil","160250",52066,360789,6.92945492259824,2015-05-01
"584","Imports",203,"Czech Rep.",76,"Brazil","160250",171,2029,11.8654970760234,2014-10-01
"585","Imports",233,"Estonia",76,"Brazil","160250",29,476,16.4137931034483,2014-10-01
"586","Imports",251,"France",76,"Brazil","160250",147430,966179,6.55347622600556,2014-10-01
"587","Imports",372,"Ireland",76,"Brazil","160250",40548,220767,5.44458419650784,2014-10-01
"588","Imports",233,"Estonia",76,"Brazil","160250",22,387,17.5909090909091,2015-05-01
"589","Imports",842,"United States of America",76,"Brazil","160250",NA,19946372,NA,2014-10-01
"590","Imports",703,"Slovakia",76,"Brazil","160250",5,41,8.2,2015-01-01
"591","Imports",372,"Ireland",76,"Brazil","160250",1251,9478,7.57633892885691,2015-05-01
"592","Imports",52,"Barbados",76,"Brazil","160250",54926,211780,3.85573316826275,2014-10-01
"593","Imports",276,"Germany",76,"Brazil","160250",171600,1248379,7.2749358974359,2014-10-01
"594","Imports",36,"Australia",76,"Brazil","160250",95127,409909,4.30907103135808,2014-10-01
"595","Imports",616,"Poland",76,"Brazil","160250",35,422,12.0571428571429,2014-10-01
"596","Imports",246,"Finland",76,"Brazil","160250",10476,84927,8.10681557846506,2014-10-01
"597","Imports",818,"Egypt",76,"Brazil","160250",NA,291803,NA,2014-10-01
"598","Imports",56,"Belgium",76,"Brazil","160250",489500,3112780,6.35910112359551,2014-10-01
"599","Imports",60,"Bermuda",76,"Brazil","160250",3,71,23.6666666666667,2014-10-01
"600","Imports",97,"EU-27",76,"Brazil","160250",3993400,19708385,4.93523939500175,2015-09-01
"601","Imports",84,"Belize",76,"Brazil","160250",47962,82833,1.72705475167841,2015-05-01
"602","Imports",97,"EU-27",76,"Brazil","160250",NA,20826528,NA,2015-05-01
"603","Imports",470,"Malta",76,"Brazil","160250",66900,384283,5.74414050822123,2014-10-01
"604","Imports",724,"Spain",76,"Brazil","160250",NA,76,NA,2014-10-01
"605","Imports",56,"Belgium",76,"Brazil","160250",168943,1105511,6.54369225123266,2015-01-01
"606","Exports",251,"France",76,"Brazil","160250",719,5356,7.44923504867872,2014-10-01
"607","Imports",528,"Netherlands",76,"Brazil","160250",450600,2316054,5.13993342210386,2014-10-01
"608","Imports",251,"France",76,"Brazil","160250",54641,362251,6.62965538698047,2015-05-01
"609","Imports",97,"EU-27",76,"Brazil","160250",NA,20986513,NA,2014-10-01
"610","Exports",97,"EU-27",76,"Brazil","160250",700,5361,7.65857142857143,2014-10-01
"611","Imports",97,"EU-27",76,"Brazil","160250",2682900,15052960,5.61070483432107,2015-01-01
"612","Imports",702,"Singapore",76,"Brazil","160250",37536,215550,5.74248721227621,2014-10-01
"613","Imports",480,"Mauritius",76,"Brazil","160250",19584,105848,5.40482026143791,2014-10-01
"614","Imports",52,"Barbados",76,"Brazil","160250",65999,248419,3.76398127244352,2015-05-01
"615","Imports",608,"Philippines",76,"Brazil","160250",129119,34807,0.269573029530898,2014-10-01
"616","Imports",768,"Togo",76,"Brazil","160250",18370,8608,0.468590092542188,2014-10-01
"617","Imports",56,"Belgium",76,"Brazil","160250",1613987,9814717,6.08103844702591,2015-05-01
"618","Imports",84,"Belize",76,"Brazil","160250",46199,82421,1.78404294465248,2014-10-01
"619","Imports",826,"United Kingdom",76,"Brazil","160250",2566867,12612593,4.91361375560167,2014-10-01
"620","Imports",858,"Uruguay",76,"Brazil","160250",17842,59327,3.32513171169151,2014-10-01
"621","Imports",344,"China, Hong Kong SAR",76,"Brazil","160250",821608,1045771,1.27283449041392,2014-10-01
"622","Imports",608,"Philippines",76,"Brazil","160250",112389,442789,3.93978948117698,2015-05-01
"623","Imports",616,"Poland",76,"Brazil","160250",12,90,7.5,2015-05-01
"624","Imports",703,"Slovakia",76,"Brazil","160250",11,112,10.1818181818182,2014-10-01
"625","Imports",381,"Italy",76,"Brazil","160250",33634,256713,7.63254444906939,2014-10-01
"626","Imports",752,"Sweden",76,"Brazil","160250",82000,466053,5.68357317073171,2014-10-01
"627","Imports",620,"Portugal",76,"Brazil","160250",41,219,5.34146341463415,2014-10-01
"628","Imports",132,"Cabo Verde",76,"Brazil","160250",9770,23403,2.39539406345957,2014-10-01
"629","Imports",600,"Paraguay",76,"Brazil","160250",44064,104383,2.3688952432825,2014-07-01
"630","Imports",124,"Canada",76,"Brazil","160250",407459,2205449,5.41268937488189,2014-07-01
"631","Imports",724,"Spain",76,"Brazil","160250",NA,61325,NA,2015-05-01
"632","Imports",52,"Barbados",76,"Brazil","160250",65501,241166,3.68186745240531,2014-07-01
"633","Imports",152,"Chile",76,"Brazil","160250",150195,1081861,7.20304271114218,2014-07-01
"634","Imports",818,"Egypt",76,"Brazil","160250",NA,204614,NA,2015-05-01
"635","Imports",68,"Bolivia",76,"Brazil","160250",92120,125540,1.36278766825879,2015-05-01
"636","Imports",246,"Finland",76,"Brazil","160250",8400,70297,8.36869047619048,2014-07-01
"637","Imports",68,"Bolivia",76,"Brazil","160250",53952,113088,2.09608540925267,2014-07-01
"638","Imports",251,"France",76,"Brazil","160250",114165,775246,6.79057504489117,2015-01-01
"639","Imports",233,"Estonia",76,"Brazil","160250",17,205,12.0588235294118,2014-07-01
"640","Imports",470,"Malta",76,"Brazil","160250",48900,313817,6.41752556237219,2015-05-01
"641","Exports",826,"United Kingdom",76,"Brazil","160250",19992,107608,5.38255302120848,2014-07-01
"642","Imports",842,"United States of America",76,"Brazil","160250",NA,21193394,NA,2014-07-01
"643","Imports",251,"France",76,"Brazil","160250",82394,522878,6.3460688885113,2015-09-01
"644","Imports",36,"Australia",76,"Brazil","160250",59160,284326,4.80605138607167,2014-07-01
"645","Imports",470,"Malta",76,"Brazil","160250",50500,270479,5.3560198019802,2015-01-01
"646","Imports",528,"Netherlands",76,"Brazil","160250",367100,1706404,4.64833560337783,2015-01-01
"647","Imports",591,"Panama",76,"Brazil","160250",17918,33566,1.87331175354392,2014-07-01
"648","Imports",752,"Sweden",76,"Brazil","160250",35000,235814,6.73754285714286,2015-05-01
"649","Imports",304,"Greenland",76,"Brazil","160250",6,433,72.1666666666667,2015-05-01
"650","Imports",258,"French Polynesia",76,"Brazil","160250",2,63,31.5,2015-05-01
"651","Imports",670,"Saint Vincent and the Grenadines",76,"Brazil","160250",16636,94154,5.65965376292378,2015-05-01
"652","Imports",56,"Belgium",76,"Brazil","160250",315600,2051267,6.49957858048162,2014-07-01
"653","Imports",702,"Singapore",76,"Brazil","160250",118181,546123,4.62107276127296,2015-05-01
"654","Exports",97,"EU-27",76,"Brazil","160250",20000,107608,5.3804,2014-07-01
"655","Imports",97,"EU-27",76,"Brazil","160250",3858200,22276136,5.77371209372246,2014-07-01
"656","Imports",28,"Antigua and Barbuda",76,"Brazil","160250",7926,36368,4.58844309866263,2015-05-01
"657","Imports",458,"Malaysia",76,"Brazil","160250",1551,9014,5.81173436492585,2015-05-01
"658","Imports",703,"Slovakia",76,"Brazil","160250",13,96,7.38461538461539,2015-05-01
"659","Imports",826,"United Kingdom",76,"Brazil","160250",1714096,9023071,5.26404063716385,2015-05-01
"660","Imports",616,"Poland",76,"Brazil","160250",42,400,9.52380952380952,2015-01-01
"661","Imports",203,"Czech Rep.",76,"Brazil","160250",69,942,13.6521739130435,2014-07-01
"662","Imports",381,"Italy",76,"Brazil","160250",293781,2918625,9.93469625333156,2014-07-01
"663","Imports",470,"Malta",76,"Brazil","160250",49100,270049,5.49997963340122,2014-07-01
"664","Imports",528,"Netherlands",76,"Brazil","160250",375000,1862858,4.96762133333333,2014-07-01
"665","Imports",616,"Poland",76,"Brazil","160250",16,187,11.6875,2014-07-01
"666","Imports",724,"Spain",76,"Brazil","160250",54400,335158,6.16099264705882,2014-07-01
"667","Imports",608,"Philippines",76,"Brazil","160250",17136,3716,0.216853408029879,2014-07-01
"668","Imports",818,"Egypt",76,"Brazil","160250",NA,288013,NA,2014-07-01
"669","Imports",757,"Switzerland",76,"Brazil","160250",47684,491209,10.3013379750021,2014-07-01
"670","Imports",702,"Singapore",76,"Brazil","160250",58572,252999,4.31945298094653,2014-07-01
"671","Imports",28,"Antigua and Barbuda",76,"Brazil","160250",59174,211804,3.57934227870348,2014-07-01
"672","Imports",251,"France",76,"Brazil","160250",79853,532852,6.67291147483501,2014-07-01
"673","Imports",480,"Mauritius",76,"Brazil","160250",45858,226919,4.94829691656854,2014-07-01
"674","Imports",470,"Malta",76,"Brazil","160250",49200,286988,5.83308943089431,2015-09-01
"675","Imports",528,"Netherlands",76,"Brazil","160250",285200,1315359,4.61205820476858,2015-09-01
"676","Imports",826,"United Kingdom",76,"Brazil","160250",2412462,12801335,5.30633643141322,2014-07-01
"677","Exports",858,"Uruguay",76,"Brazil","160250",22000,27653,1.25695454545455,2014-07-01
"678","Imports",858,"Uruguay",76,"Brazil","160250",18960,56442,2.97689873417722,2014-07-01
"679","Imports",372,"Ireland",76,"Brazil","160250",2564,16740,6.52886115444618,2014-07-01
"680","Imports",344,"China, Hong Kong SAR",76,"Brazil","160250",740034,1508091,2.03786717907556,2014-07-01
"681","Imports",84,"Belize",76,"Brazil","160250",47289,82738,1.74962464843833,2014-07-01
"682","Imports",196,"Cyprus",76,"Brazil","160250",19584,95088,4.85539215686275,2014-07-01
"683","Imports",703,"Slovakia",76,"Brazil","160250",11,131,11.9090909090909,2014-07-01
"684","Imports",752,"Sweden",76,"Brazil","160250",123000,731582,5.94782113821138,2014-07-01
"685","Imports",620,"Portugal",76,"Brazil","160250",163,938,5.75460122699386,2014-07-01
"686","Imports",818,"Egypt",76,"Brazil","160250",NA,1749768,NA,2015-01-01
"687","Imports",352,"Iceland",76,"Brazil","160250",24,779,32.4583333333333,2014-07-01
"688","Imports",686,"Senegal",76,"Brazil","160250",19354,5578,0.288209155730082,2014-07-01
"689","Imports",36,"Australia",76,"Brazil","160250",18360,105425,5.74210239651416,2015-01-01
"690","Imports",344,"China, Hong Kong SAR",76,"Brazil","160250",1371430,2552818,1.86142785267932,2015-01-01
"691","Imports",208,"Denmark",76,"Brazil","160250",33,168,5.09090909090909,2015-01-01
"692","Imports",757,"Switzerland",76,"Brazil","160250",45115,398289,8.82830544164912,2015-09-01
"693","Imports",68,"Bolivia",76,"Brazil","160250",64946,83271,1.28215748467958,2015-09-01
"694","Imports",702,"Singapore",76,"Brazil","160250",55376,225151,4.06585885582202,2015-09-01
"695","Imports",752,"Sweden",76,"Brazil","160250",58000,334738,5.77134482758621,2015-09-01
"696","Imports",757,"Switzerland",76,"Brazil","160250",57804,622509,10.7693066223791,2015-01-01
"697","Imports",304,"Greenland",76,"Brazil","160250",6,437,72.8333333333333,2015-09-01
"698","Imports",12,"Algeria",76,"Brazil","160250",31344,93376,2.97907095456866,2015-01-01
"699","Imports",670,"Saint Vincent and the Grenadines",76,"Brazil","160250",15785,76755,4.86252771618625,2015-01-01
"700","Imports",757,"Switzerland",76,"Brazil","160250",82252,578864,7.03768905315372,2016-01-01
"701","Imports",579,"Norway",76,"Brazil","160250",910,5501,6.04505494505494,2016-01-01
"702","Imports",600,"Paraguay",76,"Brazil","160250",44064,103228,2.34268336964415,2016-01-01
"703","Imports",152,"Chile",76,"Brazil","160250",24010,117143,4.87892544773011,2016-01-01
"704","Imports",690,"Seychelles",76,"Brazil","160250",NA,193627,NA,2015-01-01
"705","Imports",52,"Barbados",76,"Brazil","160250",181460,608716,3.35454645651934,2016-01-01
"706","Imports",233,"Estonia",76,"Brazil","160250",8,69,8.625,2016-01-01
"707","Imports",344,"China, Hong Kong SAR",76,"Brazil","160250",315168,846212,2.68495532541375,2016-01-01
"708","Imports",352,"Iceland",76,"Brazil","160250",41,431,10.5121951219512,2016-01-01
"709","Imports",203,"Czech Rep.",76,"Brazil","160250",36,377,10.4722222222222,2016-01-01
"710","Imports",124,"Canada",76,"Brazil","160250",34195,164484,4.81017692645124,2015-01-01
"711","Imports",826,"United Kingdom",76,"Brazil","160250",1897448,8334636,4.39255041508384,2016-01-01
"712","Imports",36,"Australia",76,"Brazil","160250",60147,248770,4.13603338487373,2016-01-01
"713","Imports",276,"Germany",76,"Brazil","160250",108112,476240,4.40506141778896,2016-01-01
"714","Imports",246,"Finland",76,"Brazil","160250",1177,9060,7.69753610875106,2016-01-01
"715","Imports",12,"Algeria",76,"Brazil","160250",39829,57381,1.44068392377413,2015-09-01
"716","Imports",56,"Belgium",76,"Brazil","160250",480395,2543002,5.2935646707397,2016-01-01
"717","Imports",97,"EU-27",76,"Brazil","160250",3502800,17739701,5.06443445243805,2016-01-01
"718","Imports",251,"France",76,"Brazil","160250",102942,612790,5.95276952070098,2016-01-01
"719","Imports",381,"Italy",76,"Brazil","160250",458617,3834790,8.36163945078355,2016-01-01
"720","Imports",470,"Malta",76,"Brazil","160250",65700,369142,5.618599695586,2016-01-01
"721","Imports",528,"Netherlands",76,"Brazil","160250",261800,1131710,4.32280366692131,2016-01-01
"722","Imports",842,"United States of America",76,"Brazil","160250",NA,15956268,NA,2016-01-01
"723","Imports",600,"Paraguay",76,"Brazil","160250",41386,98830,2.3880056057604,2015-09-01
"724","Imports",608,"Philippines",76,"Brazil","160250",59921,234124,3.90721116136246,2016-01-01
"725","Imports",480,"Mauritius",76,"Brazil","160250",61558,319666,5.19292374671042,2016-01-01
"726","Imports",670,"Saint Vincent and the Grenadines",76,"Brazil","160250",990,2240,2.26262626262626,2016-01-01
"727","Imports",858,"Uruguay",76,"Brazil","160250",10945,19000,1.73595248972133,2016-01-01
"728","Imports",276,"Germany",76,"Brazil","160250",90900,453800,4.99229922992299,2015-09-01
"729","Imports",702,"Singapore",76,"Brazil","160250",88105,427160,4.84830599852449,2016-01-01
"730","Imports",84,"Belize",76,"Brazil","160250",71528,113297,1.58395313723297,2016-01-01
"731","Imports",752,"Sweden",76,"Brazil","160250",87000,456487,5.24697701149425,2016-01-01
"732","Imports",724,"Spain",76,"Brazil","160250",19850,104180,5.24836272040302,2016-01-01
"733","Imports",60,"Bermuda",76,"Brazil","160250",7,65,9.28571428571429,2016-01-01
"734","Imports",304,"Greenland",76,"Brazil","160250",39,2959,75.8717948717949,2016-01-01
"735","Imports",328,"Guyana",76,"Brazil","160250",350,1200,3.42857142857143,2016-01-01
"736","Imports",124,"Canada",76,"Brazil","160250",44857,197742,4.40827518558976,2015-09-01
"737","Imports",616,"Poland",76,"Brazil","160250",1041,1932,1.85590778097983,2016-01-01
"738","Imports",703,"Slovakia",76,"Brazil","160250",4,35,8.75,2016-01-01
"739","Imports",458,"Malaysia",76,"Brazil","160250",1470,9074,6.17278911564626,2016-01-01
"740","Imports",124,"Canada",76,"Brazil","160250",516400,2420838,4.68791247095275,2016-01-01
"741","Imports",36,"Australia",76,"Brazil","160250",19976,77676,3.88846615939127,2014-11-01
"742","Imports",328,"Guyana",76,"Brazil","160250",19536,102512,5.24733824733825,2015-09-01
"743","Imports",458,"Malaysia",76,"Brazil","160250",4284,21111,4.92787114845938,2015-09-01
"744","Imports",703,"Slovakia",76,"Brazil","160250",14,120,8.57142857142857,2015-09-01
"745","Imports",600,"Paraguay",76,"Brazil","160250",72673,177729,2.44559877808815,2014-11-01
"746","Imports",600,"Paraguay",76,"Brazil","160250",44064,102538,2.32702432824982,2015-12-01
"747","Imports",124,"Canada",76,"Brazil","160250",255978,1324044,5.17249138597848,2014-11-01
"748","Imports",233,"Estonia",76,"Brazil","160250",6,125,20.8333333333333,2014-11-01
"749","Imports",52,"Barbados",76,"Brazil","160250",22336,85250,3.81670845272206,2014-11-01
"750","Imports",554,"New Zealand",76,"Brazil","160250",22878,80639,3.5247399248186,2014-11-01
"751","Imports",52,"Barbados",76,"Brazil","160250",87443,298366,3.41211989524605,2015-12-01
"752","Imports",152,"Chile",76,"Brazil","160250",60924,294326,4.8310353883527,2015-12-01
"753","Imports",757,"Switzerland",76,"Brazil","160250",59782,604776,10.1163560938075,2014-11-01
"754","Imports",203,"Czech Rep.",76,"Brazil","160250",142,1565,11.0211267605634,2014-11-01
"755","Imports",381,"Italy",76,"Brazil","160250",97961,871630,8.89772460468962,2015-09-01
"756","Imports",842,"United States of America",76,"Brazil","160250",NA,19062543,NA,2014-11-01
"757","Imports",152,"Chile",76,"Brazil","160250",223483,1543361,6.90594362882188,2014-11-01
"758","Imports",579,"Norway",76,"Brazil","160250",670,3943,5.88507462686567,2015-12-01
"759","Imports",616,"Poland",76,"Brazil","160250",8,87,10.875,2014-11-01
"760","Imports",246,"Finland",76,"Brazil","160250",7559,57530,7.61079507871412,2015-09-01
"761","Exports",826,"United Kingdom",76,"Brazil","160250",21109,61425,2.90989625278317,2014-11-01
"762","Imports",703,"Slovakia",76,"Brazil","160250",3432,21656,6.31002331002331,2014-11-01
"763","Imports",752,"Sweden",76,"Brazil","160250",64000,332339,5.192796875,2015-12-01
"764","Imports",246,"Finland",76,"Brazil","160250",7560,63706,8.42671957671958,2014-11-01
"765","Imports",251,"France",76,"Brazil","160250",68630,460460,6.70931079702754,2014-11-01
"766","Exports",251,"France",76,"Brazil","160250",1363,9495,6.96625091709464,2014-11-01
"767","Imports",56,"Belgium",76,"Brazil","160250",285600,1601604,5.60785714285714,2014-11-01
"768","Imports",68,"Bolivia",76,"Brazil","160250",54246,96519,1.77928326512554,2014-11-01
"769","Imports",276,"Germany",76,"Brazil","160250",45700,243977,5.33866520787746,2014-11-01
"770","Imports",470,"Malta",76,"Brazil","160250",17100,85446,4.99684210526316,2014-11-01
"771","Imports",528,"Netherlands",76,"Brazil","160250",237200,1236674,5.21363406408094,2014-11-01
"772","Imports",233,"Estonia",76,"Brazil","160250",12,129,10.75,2015-12-01
"773","Imports",97,"EU-27",76,"Brazil","160250",3454100,17741083,5.13623896239252,2014-11-01
"774","Exports",97,"EU-27",76,"Brazil","160250",22500,70916,3.15182222222222,2014-11-01
"775","Imports",818,"Egypt",76,"Brazil","160250",NA,1135914,NA,2014-11-01
"776","Imports",480,"Mauritius",76,"Brazil","160250",56304,327238,5.8119849389031,2014-11-01
"777","Imports",752,"Sweden",76,"Brazil","160250",128000,701065,5.4770703125,2014-11-01
"778","Imports",826,"United Kingdom",76,"Brazil","160250",2808256,13816738,4.92004218988582,2014-11-01
"779","Imports",608,"Philippines",76,"Brazil","160250",17952,4990,0.277963458110517,2014-11-01
"780","Imports",858,"Uruguay",76,"Brazil","160250",24096,90448,3.75365205843294,2014-11-01
"781","Imports",328,"Guyana",76,"Brazil","160250",350,670,1.91428571428571,2014-11-01
"782","Imports",344,"China, Hong Kong SAR",76,"Brazil","160250",1032218,1951505,1.8905938474237,2014-11-01
"783","Imports",458,"Malaysia",76,"Brazil","160250",7067,4226,0.597990660817886,2014-11-01
"784","Imports",372,"Ireland",76,"Brazil","160250",2576,16288,6.32298136645963,2014-11-01
"785","Imports",392,"Japan",76,"Brazil","160250",326,2108,6.46625766871166,2014-11-01
"786","Imports",620,"Portugal",76,"Brazil","160250",163,863,5.29447852760736,2014-11-01
"787","Imports",12,"Algeria",76,"Brazil","160250",35648,207273,5.81443559245961,2014-11-01
"788","Imports",132,"Cabo Verde",76,"Brazil","160250",5640,13130,2.32801418439716,2014-11-01
"789","Imports",752,"Sweden",76,"Brazil","160250",42000,202292,4.81647619047619,2015-11-01
"790","Imports",152,"Chile",76,"Brazil","160250",59769,347947,5.82152955545517,2015-11-01
"791","Imports",554,"New Zealand",76,"Brazil","160250",18804,73704,3.91959157626037,2015-11-01
"792","Imports",600,"Paraguay",76,"Brazil","160250",13254,19752,1.49026708918062,2015-11-01
"793","Imports",124,"Canada",76,"Brazil","160250",227992,996867,4.37237710095091,2015-11-01
"794","Imports",826,"United Kingdom",76,"Brazil","160250",1385929,6154278,4.44054349104464,2015-11-01
"795","Exports",826,"United Kingdom",76,"Brazil","160250",5439,37070,6.81559110130539,2015-11-01
"796","Imports",203,"Czech Rep.",76,"Brazil","160250",69,760,11.0144927536232,2015-11-01
"797","Imports",233,"Estonia",76,"Brazil","160250",12,190,15.8333333333333,2015-11-01
"798","Imports",372,"Ireland",76,"Brazil","160250",21544,109449,5.08025436316376,2015-11-01
"799","Imports",579,"Norway",76,"Brazil","160250",2265,15893,7.01677704194261,2015-11-01
"800","Imports",203,"Czech Rep.",76,"Brazil","160250",41,456,11.1219512195122,2015-12-01
"801","Imports",52,"Barbados",76,"Brazil","160250",71928,207096,2.87921254587921,2015-11-01
"802","Imports",246,"Finland",76,"Brazil","160250",5040,38815,7.70138888888889,2015-11-01
"803","Imports",591,"Panama",76,"Brazil","160250",1854,2894,1.56094929881338,2015-11-01
"804","Imports",381,"Italy",76,"Brazil","160250",17952,114301,6.36703431372549,2015-11-01
"805","Imports",36,"Australia",76,"Brazil","160250",79576,355285,4.46472554539057,2015-11-01
"806","Imports",276,"Germany",76,"Brazil","160250",25923,118381,4.56663966361918,2015-11-01
"807","Imports",608,"Philippines",76,"Brazil","160250",89709,250859,2.79636379850405,2015-11-01
"808","Imports",757,"Switzerland",76,"Brazil","160250",20346,198853,9.77356728595301,2015-11-01
"809","Imports",28,"Antigua and Barbuda",76,"Brazil","160250",48298,165111,3.4185887614394,2015-11-01
"810","Imports",56,"Belgium",76,"Brazil","160250",597700,3361831,5.62461268194747,2015-11-01
"811","Imports",68,"Bolivia",76,"Brazil","160250",120016,144870,1.20708905479269,2015-11-01
"812","Imports",97,"EU-27",76,"Brazil","160250",2586769,12472854,4.82178888025951,2015-11-01
"813","Exports",97,"EU-27",76,"Brazil","160250",5439,37453,6.88600845743703,2015-11-01
"814","Imports",251,"France",76,"Brazil","160250",54844,314143,5.72793742250748,2015-11-01
"815","Imports",470,"Malta",76,"Brazil","160250",35904,191634,5.33739973262032,2015-11-01
"816","Imports",528,"Netherlands",76,"Brazil","160250",470079,2094291,4.45518944688021,2015-11-01
"817","Imports",616,"Poland",76,"Brazil","160250",22,252,11.4545454545455,2015-11-01
"818","Imports",724,"Spain",76,"Brazil","160250",49345,302155,6.12331543216131,2015-11-01
"819","Imports",344,"China, Hong Kong SAR",76,"Brazil","160250",274187,792407,2.89002396174873,2015-09-01
"820","Imports",818,"Egypt",76,"Brazil","160250",NA,1419543,NA,2015-11-01
"821","Imports",304,"Greenland",76,"Brazil","160250",57,5023,88.1228070175439,2015-11-01
"822","Imports",480,"Mauritius",76,"Brazil","160250",61189,343698,5.61698998185948,2015-11-01
"823","Imports",84,"Belize",76,"Brazil","160250",47706,78120,1.63752987045655,2015-11-01
"824","Imports",702,"Singapore",76,"Brazil","160250",37652,167330,4.44411983427175,2015-11-01
"825","Imports",670,"Saint Vincent and the Grenadines",76,"Brazil","160250",350,928,2.65142857142857,2015-11-01
"826","Imports",690,"Seychelles",76,"Brazil","160250",NA,22462,NA,2015-11-01
"827","Exports",690,"Seychelles",76,"Brazil","160250",NA,47247,NA,2015-11-01
"828","Re-exports",690,"Seychelles",76,"Brazil","160250",NA,47247,NA,2015-11-01
"829","Imports",842,"United States of America",76,"Brazil","160250",NA,16889077,NA,2015-11-01
"830","Imports",392,"Japan",76,"Brazil","160250",408,2440,5.98039215686275,2015-11-01
"831","Imports",458,"Malaysia",76,"Brazil","160250",2205,13427,6.08934240362812,2015-11-01
"832","Imports",703,"Slovakia",76,"Brazil","160250",5,35,7,2015-11-01
"833","Imports",344,"China, Hong Kong SAR",76,"Brazil","160250",55036,121682,2.21095283087434,2015-11-01
"834","Imports",381,"Italy",76,"Brazil","160250",525533,4499854,8.56245754310386,2015-03-01
"835","Imports",724,"Spain",76,"Brazil","160250",37800,219134,5.79719576719577,2015-03-01
"836","Imports",826,"United Kingdom",76,"Brazil","160250",3288499,16676575,5.07118141133691,2015-03-01
"837","Imports",579,"Norway",76,"Brazil","160250",15,149,9.93333333333333,2015-03-01
"838","Imports",124,"Canada",76,"Brazil","160250",73830,338449,4.58416632805093,2015-03-01
"839","Imports",246,"Finland",76,"Brazil","160250",5510,39010,7.07985480943739,2015-03-01
"840","Imports",554,"New Zealand",76,"Brazil","160250",13514,50640,3.7472250998964,2015-03-01
"841","Imports",203,"Czech Rep.",76,"Brazil","160250",166,1826,11,2015-03-01
"842","Imports",208,"Denmark",76,"Brazil","160250",41,194,4.73170731707317,2015-03-01
"843","Imports",276,"Germany",76,"Brazil","160250",100973,555449,5.50096560466659,2015-12-01
"844","Imports",233,"Estonia",76,"Brazil","160250",16,190,11.875,2015-03-01
"845","Imports",842,"United States of America",76,"Brazil","160250",NA,31994177,NA,2015-03-01
"846","Exports",842,"United States of America",76,"Brazil","160250",NA,144404,NA,2015-03-01
"847","Imports",28,"Antigua and Barbuda",76,"Brazil","160250",6174,15771,2.55442176870748,2015-03-01
"848","Imports",68,"Bolivia",76,"Brazil","160250",48511,69082,1.42404815402692,2015-03-01
"849","Imports",36,"Australia",76,"Brazil","160250",96900,400365,4.13173374613003,2015-03-01
"850","Imports",591,"Panama",76,"Brazil","160250",45077,70144,1.55609290769128,2015-03-01
"851","Imports",56,"Belgium",76,"Brazil","160250",699383,4214981,6.02671354608276,2015-03-01
"852","Imports",97,"EU-27",76,"Brazil","160250",5247400,29412294,5.60511758204063,2015-03-01
"853","Imports",152,"Chile",76,"Brazil","160250",83415,538722,6.45833483186477,2015-03-01
"854","Imports",251,"France",76,"Brazil","160250",202378,1321652,6.53061103479627,2015-03-01
"855","Imports",276,"Germany",76,"Brazil","160250",52344,331696,6.33684854042488,2015-03-01
"856","Imports",528,"Netherlands",76,"Brazil","160250",206500,1148926,5.56380629539952,2015-03-01
"857","Imports",616,"Poland",76,"Brazil","160250",40,367,9.175,2015-03-01
"858","Imports",344,"China, Hong Kong SAR",76,"Brazil","160250",1311010,1377635,1.05081959710452,2015-03-01
"859","Imports",608,"Philippines",76,"Brazil","160250",73826,251038,3.40040094275729,2015-03-01
"860","Imports",818,"Egypt",76,"Brazil","160250",NA,949295,NA,2015-03-01
"861","Imports",600,"Paraguay",76,"Brazil","160250",72300,175628,2.42915629322268,2015-03-01
"862","Imports",132,"Cabo Verde",76,"Brazil","160250",768,1659,2.16015625,2015-03-01
"863","Imports",372,"Ireland",76,"Brazil","160250",2543,16879,6.63743609909556,2015-03-01
"864","Imports",757,"Switzerland",76,"Brazil","160250",44640,450293,10.087208781362,2015-03-01
"865","Imports",752,"Sweden",76,"Brazil","160250",99000,541103,5.46568686868687,2015-03-01
"866","Imports",304,"Greenland",76,"Brazil","160250",7,492,70.2857142857143,2015-03-01
"867","Imports",702,"Singapore",76,"Brazil","160250",58572,252282,4.30721163695964,2015-03-01
"868","Imports",458,"Malaysia",76,"Brazil","160250",2693,13664,5.07389528406981,2015-03-01
"869","Imports",703,"Slovakia",76,"Brazil","160250",7,59,8.42857142857143,2015-03-01
"870","Imports",757,"Switzerland",76,"Brazil","160250",25575,317646,12.4201759530792,2015-12-01
"871","Imports",28,"Antigua and Barbuda",76,"Brazil","160250",21723,78281,3.60359987110436,2015-12-01
"872","Imports",68,"Bolivia",76,"Brazil","160250",82242,105192,1.2790544977019,2015-12-01
"873","Imports",616,"Poland",76,"Brazil","160250",29,270,9.31034482758621,2014-12-01
"874","Imports",528,"Netherlands",76,"Brazil","160250",391900,1943279,4.95860933911712,2014-12-01
"875","Imports",600,"Paraguay",76,"Brazil","160250",32634,73534,2.25329411043697,2014-12-01
"876","Imports",152,"Chile",76,"Brazil","160250",80713,536470,6.64663684908255,2014-12-01
"877","Imports",28,"Antigua and Barbuda",76,"Brazil","160250",50308,197364,3.92311362010018,2014-12-01
"878","Imports",52,"Barbados",76,"Brazil","160250",85691,337745,3.94142908823564,2014-12-01
"879","Imports",757,"Switzerland",76,"Brazil","160250",114924,948040,8.24927778357871,2014-12-01
"880","Imports",251,"France",76,"Brazil","160250",113052,797538,7.05461203693875,2014-12-01
"881","Exports",251,"France",76,"Brazil","160250",1511,11103,7.3481138318994,2014-12-01
"882","Imports",36,"Australia",76,"Brazil","160250",58336,265341,4.54849492594624,2014-12-01
"883","Imports",68,"Bolivia",76,"Brazil","160250",56294,95594,1.69812058123423,2014-12-01
"884","Imports",842,"United States of America",76,"Brazil","160250",NA,18997124,NA,2014-12-01
"885","Imports",208,"Denmark",76,"Brazil","160250",25,190,7.6,2014-12-01
"886","Imports",233,"Estonia",76,"Brazil","160250",30,584,19.4666666666667,2014-12-01
"887","Imports",246,"Finland",76,"Brazil","160250",3080,27615,8.96590909090909,2014-12-01
"888","Imports",203,"Czech Rep.",76,"Brazil","160250",16,194,12.125,2014-12-01
"889","Imports",381,"Italy",76,"Brazil","160250",96271,864584,8.9807314767687,2014-12-01
"890","Imports",480,"Mauritius",76,"Brazil","160250",23470,123679,5.26966340008522,2014-12-01
"891","Imports",826,"United Kingdom",76,"Brazil","160250",3228245,16537346,5.12270475134322,2014-12-01
"892","Imports",97,"EU-27",76,"Brazil","160250",NA,20410900,NA,2014-12-01
"893","Exports",97,"EU-27",76,"Brazil","160250",1500,11098,7.39866666666667,2014-12-01
"894","Exports",442,"Luxembourg",76,"Brazil","160250",1,4,4,2014-12-01
"895","Imports",56,"Belgium",76,"Brazil","160250",353500,2381165,6.73596888260255,2014-12-01
"896","Imports",276,"Germany",76,"Brazil","160250",96300,584280,6.06728971962617,2014-12-01
"897","Imports",724,"Spain",76,"Brazil","160250",NA,74,NA,2014-12-01
"898","Imports",818,"Egypt",76,"Brazil","160250",NA,123351,NA,2014-12-01
"899","Imports",84,"Belize",76,"Brazil","160250",47289,86349,1.82598490135127,2014-12-01
"900","Imports",608,"Philippines",76,"Brazil","160250",54227,164324,3.03029855975805,2014-12-01
"901","Imports",858,"Uruguay",76,"Brazil","160250",1188,5117,4.30723905723906,2014-12-01
"902","Imports",702,"Singapore",76,"Brazil","160250",75611,339973,4.49634312467763,2014-12-01
"903","Imports",344,"China, Hong Kong SAR",76,"Brazil","160250",1036230,1637030,1.57979406116403,2014-12-01
"904","Imports",458,"Malaysia",76,"Brazil","160250",NA,3140,NA,2014-12-01
"905","Imports",372,"Ireland",76,"Brazil","160250",6501,41681,6.41147515766805,2014-12-01
"906","Imports",450,"Madagascar",76,"Brazil","160250",1010,4694,4.64752475247525,2014-12-01
"907","Imports",124,"Canada",76,"Brazil","160250",187922,971014,5.16711188684667,2014-12-01
"908","Imports",752,"Sweden",76,"Brazil","160250",39000,234949,6.02433333333333,2014-12-01
"909","Imports",12,"Algeria",76,"Brazil","160250",51320,319750,6.2305144193297,2014-12-01
"910","Imports",826,"United Kingdom",76,"Brazil","160250",2624133,11922475,4.5433958568411,2015-09-01
"911","Imports",36,"Australia",76,"Brazil","160250",59646,265570,4.45243603929853,2015-09-01
"912","Imports",52,"Barbados",76,"Brazil","160250",111247,392011,3.523789405557,2015-09-01
"913","Imports",554,"New Zealand",76,"Brazil","160250",18823,73447,3.90198161823301,2015-09-01
"914","Imports",56,"Belgium",76,"Brazil","160250",400832,2221045,5.54108703895897,2015-12-01
"915","Imports",97,"EU-27",76,"Brazil","160250",3350000,15816463,4.72133223880597,2015-12-01
"916","Imports",246,"Finland",76,"Brazil","160250",5125,36548,7.13131707317073,2015-12-01
"917","Imports",470,"Malta",76,"Brazil","160250",28400,165026,5.81077464788732,2015-12-01
"918","Imports",616,"Poland",76,"Brazil","160250",20,185,9.25,2015-12-01
"919","Imports",724,"Spain",76,"Brazil","160250",19600,83699,4.27035714285714,2015-12-01
"920","Imports",480,"Mauritius",76,"Brazil","160250",39168,234383,5.98404309640523,2015-12-01
"921","Imports",608,"Philippines",76,"Brazil","160250",19974,61379,3.07294482827676,2015-12-01
"922","Imports",84,"Belize",76,"Brazil","160250",52754,83550,1.58376615991204,2015-12-01
"923","Imports",842,"United States of America",76,"Brazil","160250",NA,18137649,NA,2015-12-01
"924","Imports",702,"Singapore",76,"Brazil","160250",24219,97644,4.03171064040629,2015-12-01
"925","Imports",344,"China, Hong Kong SAR",76,"Brazil","160250",184837,730853,3.95404058711189,2015-12-01
"926","Imports",579,"Norway",76,"Brazil","160250",13387,79843,5.96421901845074,2015-01-01
"927","Imports",858,"Uruguay",76,"Brazil","160250",6468,21623,3.34307359307359,2015-01-01
"928","Exports",97,"EU-27",76,"Brazil","160250",1300,8634,6.64153846153846,2015-01-01
"929","Exports",251,"France",76,"Brazil","160250",1344,8640,6.42857142857143,2015-01-01
"930","Imports",276,"Germany",76,"Brazil","160250",83357,529993,6.35811029667574,2015-01-01
"931","Imports",724,"Spain",76,"Brazil","160250",12200,61080,5.00655737704918,2015-01-01
"932","Imports",480,"Mauritius",76,"Brazil","160250",19584,104288,5.32516339869281,2015-01-01
"933","Imports",752,"Sweden",76,"Brazil","160250",113000,594041,5.257,2015-01-01
"934","Imports",442,"Luxembourg",76,"Brazil","160250",3,26,8.66666666666667,2015-01-01
"935","Imports",702,"Singapore",76,"Brazil","160250",17675,86941,4.9188684582744,2015-01-01
"936","Imports",826,"United Kingdom",76,"Brazil","160250",1416914,7167545,5.05856036428464,2015-01-01
